W,H,rP,cv_final,log1p_cv,otsu,percentil,mad,kmeans,gmm,probabilidade_alta_gmm
2,0.01,0.01,0.006187604332,0.006168539711,baixa,baixa,baixa,baixa,baixa,0.04138057528
2,0.01,0.03,0.009506825022,0.009461919542,baixa,baixa,baixa,baixa,baixa,0.03792030622
2,0.01,0.032,0.01400608149,0.01390890267,baixa,baixa,baixa,baixa,baixa,0.03406238203
2,0.01,0.035,0.007601506556,0.007572760688,baixa,baixa,baixa,baixa,baixa,0.03983584473
2,0.01,0.037,0.009672848924,0.009626366426,baixa,baixa,baixa,baixa,baixa,0.03776190588
2,0.01,0.04,0.01145251622,0.0113874326,baixa,baixa,baixa,baixa,baixa,0.03614437308
2,0.01,0.042,0.01098721149,0.01092729059,baixa,baixa,baixa,baixa,baixa,0.03655342674
2,0.01,0.045,0.008145550118,0.008112554184,baixa,baixa,baixa,baixa,baixa,0.03927007382
2,0.01,0.047,0.01257163982,0.01249327288,baixa,baixa,baixa,baixa,baixa,0.0351988667
2,0.01,0.05,0.01062843365,0.0105723489,baixa,baixa,baixa,baixa,baixa,0.03687542694
2,0.01,0.052,0.0132583614,0.01317123855,baixa,baixa,baixa,baixa,baixa,0.03464451939
2,0.01,0.055,0.01058330841,0.01052769722,baixa,baixa,baixa,baixa,baixa,0.03691633888
2,0.01,0.057,0.00932046038,0.009277292909,baixa,baixa,baixa,baixa,baixa,0.03809969278
2,0.01,0.06,0.01182916823,0.01175975052,baixa,baixa,baixa,baixa,baixa,0.03582019164
2,0.01,0.065,0.01298813061,0.01290450813,baixa,baixa,baixa,baixa,baixa,0.03486037223
2,0.01,0.07,0.01264953806,0.01257020101,baixa,baixa,baixa,baixa,baixa,0.03513501515
2,0.01,0.075,0.01169773844,0.01162984882,baixa,baixa,baixa,baixa,baixa,0.03593261536
2,0.01,0.08,0.01479335062,0.01468499632,baixa,baixa,baixa,baixa,baixa,0.03347278524
2,0.01,0.1,0.01765550227,0.01750145444,baixa,baixa,baixa,baixa,baixa,0.03151768115
2,0.01,0.11,0.0191550102,0.0189738626,baixa,baixa,baixa,baixa,baixa,0.03060245038
2,0.01,0.12,0.01915802575,0.01897682146,baixa,baixa,baixa,baixa,baixa,0.03060068055
2,0.01,0.14,0.01977630244,0.01958329191,baixa,baixa,baixa,baixa,baixa,0.03024362489
2,0.01,0.16,0.02475922635,0.02445768388,baixa,baixa,baixa,baixa,baixa,0.02775641567
2,0.01,0.17,0.02545937296,0.02514068093,baixa,baixa,baixa,baixa,baixa,0.02745796908
2,0.01,0.18,0.02722012759,0.02685624838,baixa,baixa,baixa,baixa,baixa,0.02675773952
2,0.01,0.2,0.02950618233,0.02907925264,baixa,baixa,baixa,baixa,baixa,0.02594990934
2,0.01,0.22,0.03182555635,0.03132961822,baixa,baixa,baixa,baixa,baixa,0.02523882047
2,0.01,0.25,0.04550656039,0.04450151475,baixa,baixa,baixa,baixa,baixa,0.0229113914
2,0.01,0.3,0.06252462053,0.06064779381,baixa,baixa,baixa,baixa,baixa,0.02374059739
2,0.01,0.35,0.07829963454,0.07538538799,baixa,baixa,baixa,baixa,baixa,0.02842980662
2,0.01,0.38,0.5630750345,0.446655057,alta,baixa,alta,alta,alta,1
2,0.01,0.385,0.06756422512,0.06537962836,baixa,baixa,baixa,baixa,baixa,0.02477298044
2,0.01,0.395,1.370569966,0.8631304183,alta,alta,alta,alta,alta,1
2,0.01,0.4,0.5648026417,0.4477597085,alta,baixa,alta,alta,alta,1
2,0.01,0.41,1.371114581,0.863360132,alta,alta,alta,alta,alta,1
2,0.01,0.415,0.9146042734,0.6495109555,alta,baixa,alta,alta,alta,1
2,0.01,0.42,0,0,baixa,baixa,baixa,baixa,baixa,0.04959952211
2,0.01,0.43,0.9204920153,0.6525814112,alta,baixa,alta,alta,alta,1
2,0.01,0.435,1.370738201,0.863201384,alta,alta,alta,alta,alta,1
2,0.01,0.44,2.236067977,1.174359006,alta,alta,alta,alta,alta,1
2,0.01,0.45,1.370150215,0.8629533352,alta,alta,alta,alta,alta,1
2,0.01,0.455,0,0,baixa,baixa,baixa,baixa,baixa,0.04959952211
2,0.01,0.46,2.236067977,1.174359006,alta,alta,alta,alta,alta,1
2,0.01,0.47,2.236067977,1.174359006,alta,alta,alta,alta,alta,1
2,0.01,0.48,1.371723678,0.8636169809,alta,alta,alta,alta,alta,1
2,0.01,0.49,2.236067977,1.174359006,alta,alta,alta,alta,alta,1
2,0.01,0.5,2.236067977,1.174359006,alta,alta,alta,alta,alta,1
2,0.50,0.01,0.007401449426,0.007374193107,baixa,baixa,baixa,baixa,baixa,0.04004780794
2,0.50,0.03,0.01816892684,0.01800584428,baixa,baixa,baixa,baixa,baixa,0.03119629162
2,0.50,0.032,0.01878582115,0.01861154682,baixa,baixa,baixa,baixa,baixa,0.03082123701
2,0.50,0.035,0.01802302972,0.01786254039,baixa,baixa,baixa,baixa,baixa,0.03128675555
2,0.50,0.037,0.01829561426,0.01813026326,baixa,baixa,baixa,baixa,baixa,0.0311182896
2,0.50,0.04,0.02362034398,0.02334570004,baixa,baixa,baixa,baixa,baixa,0.02826735319
2,0.50,0.042,0.01247703551,0.01239983877,baixa,baixa,baixa,baixa,baixa,0.03527674955
2,0.50,0.045,0.01617541419,0.01604598601,baixa,baixa,baixa,baixa,baixa,0.0324930427
2,0.50,0.047,0.01656165818,0.01642600958,baixa,baixa,baixa,baixa,baixa,0.03223134347
2,0.50,0.05,0.01791610649,0.0177575046,baixa,baixa,baixa,baixa,baixa,0.0313534873
2,0.50,0.052,0.01834434036,0.01817811276,baixa,baixa,baixa,baixa,baixa,0.03108842443
2,0.50,0.055,0.01704316544,0.01689956006,baixa,baixa,baixa,baixa,baixa,0.03191225404
2,0.50,0.057,0.01068156414,0.01062491925,baixa,baixa,baixa,baixa,baixa,0.03682737592
2,0.50,0.06,0.01471133751,0.01460417551,baixa,baixa,baixa,baixa,baixa,0.03353311463
2,0.50,0.065,0.0151490841,0.01503548259,baixa,baixa,baixa,baixa,baixa,0.03321399142
2,0.50,0.07,0.0128875234,0.01280518593,baixa,baixa,baixa,baixa,baixa,0.03494148895
2,0.50,0.075,0.01565110073,0.01552988539,baixa,baixa,baixa,baixa,baixa,0.03285664248
2,0.50,0.08,0.01817689015,0.01801366545,baixa,baixa,baixa,baixa,baixa,0.03119137353
2,0.50,0.1,0.01762441389,0.01747090495,baixa,baixa,baixa,baixa,baixa,0.03153741588
2,0.50,0.11,0.02175752356,0.02152420684,baixa,baixa,baixa,baixa,baixa,0.02917453334
2,0.50,0.12,0.01258474829,0.01250621851,baixa,baixa,baixa,baixa,baixa,0.03518810442
2,0.50,0.14,0.02364268829,0.02336752851,baixa,baixa,baixa,baixa,baixa,0.02825701807
2,0.50,0.16,0.02726004314,0.02689510545,baixa,baixa,baixa,baixa,baixa,0.02674267428
2,0.50,0.17,0.02327076903,0.02300413331,baixa,baixa,baixa,baixa,baixa,0.02843069723
2,0.50,0.18,0.0367069227,0.03604926895,baixa,baixa,baixa,baixa,baixa,0.02406498622
2,0.50,0.2,0.0249359994,0.02463017103,baixa,baixa,baixa,baixa,baixa,0.02767995788
2,0.50,0.22,0.04221214438,0.04134551607,baixa,baixa,baixa,baixa,baixa,0.02320892711
2,0.50,0.25,0.05803130568,0.05640992249,baixa,baixa,baixa,baixa,baixa,0.02313658597
2,0.50,0.3,0.07262313749,0.07010717874,baixa,baixa,baixa,baixa,baixa,0.02622639433
2,0.50,0.35,0.07772068925,0.07484833803,baixa,baixa,baixa,baixa,baixa,0.02817437377
2,0.50,0.38,0.0695267621,0.06721627223,baixa,baixa,baixa,baixa,baixa,0.02528437254
2,0.50,0.385,0.07360483463,0.07102199042,baixa,baixa,baixa,baixa,baixa,0.02656155779
2,0.50,0.395,0.06765089854,0.06546081308,baixa,baixa,baixa,baixa,baixa,0.02479422131
2,0.50,0.4,0.07038272396,0.06801627047,baixa,baixa,baixa,baixa,baixa,0.02552782341
2,0.50,0.41,0.07238222204,0.06988254951,baixa,baixa,baixa,baixa,baixa,0.02614690146
2,0.50,0.415,0.5648134914,0.4477666421,alta,baixa,alta,alta,alta,1
2,0.50,0.42,0.91585801,0.6501655693,alta,baixa,alta,alta,alta,1
2,0.50,0.43,1.371583149,0.8635577273,alta,alta,alta,alta,alta,1
2,0.50,0.435,0.9165555598,0.6505295957,alta,baixa,alta,alta,alta,1
2,0.50,0.44,0.9141367666,0.6492667464,alta,baixa,alta,alta,alta,1
2,0.50,0.45,2.236067977,1.174359006,alta,alta,alta,alta,alta,1
2,0.50,0.455,1.371709145,0.8636108534,alta,alta,alta,alta,alta,1
2,0.50,0.46,2.236067977,1.174359006,alta,alta,alta,alta,alta,1
2,0.50,0.47,2.236067977,1.174359006,alta,alta,alta,alta,alta,1
2,0.50,0.48,0,0,baixa,baixa,baixa,baixa,baixa,0.04959952211
2,0.50,0.49,0,0,baixa,baixa,baixa,baixa,baixa,0.04959952211
2,0.50,0.5,0,0,baixa,baixa,baixa,baixa,baixa,0.04959952211
2,0.99,0.01,0.007685943851,0.007656557464,baixa,baixa,baixa,baixa,baixa,0.0397470192
2,0.99,0.03,0.05327591039,0.05190522199,baixa,baixa,baixa,baixa,baixa,0.02280191281
2,0.99,0.032,0.06024951872,0.05850427545,baixa,baixa,baixa,baixa,baixa,0.02339894161
2,0.99,0.035,0.05759353262,0.05599607495,baixa,baixa,baixa,baixa,baixa,0.02309289568
2,0.99,0.037,0.05579552232,0.05429453236,baixa,baixa,baixa,baixa,baixa,0.02294100688
2,0.99,0.04,0.0454801537,0.04447625711,baixa,baixa,baixa,baixa,baixa,0.02291316714
2,0.99,0.042,0.04781915409,0.04671100812,baixa,baixa,baixa,baixa,baixa,0.02279323235
2,0.99,0.045,0.04814396415,0.04702094684,baixa,baixa,baixa,baixa,baixa,0.02278250408
2,0.99,0.047,0.04899028666,0.04782806975,baixa,baixa,baixa,baixa,baixa,0.02276127865
2,0.99,0.05,0.04867736349,0.04752971632,baixa,baixa,baixa,baixa,baixa,0.02276799567
2,0.99,0.052,0.04411442637,0.04316908726,baixa,baixa,baixa,baixa,baixa,0.02301831481
2,0.99,0.055,0.04130853869,0.04047813255,baixa,baixa,baixa,baixa,baixa,0.02331785874
2,0.99,0.057,0.04115435298,0.0403300524,baixa,baixa,baixa,baixa,baixa,0.02333764877
2,0.99,0.06,0.04319311195,0.04228630936,baixa,baixa,baixa,baixa,baixa,0.02310414304
2,0.99,0.065,0.04050118238,0.03970250321,baixa,baixa,baixa,baixa,baixa,0.02342541351
2,0.99,0.07,0.0452519379,0.04425794526,baixa,baixa,baixa,baixa,baixa,0.02292891862
2,0.99,0.075,0.03807148794,0.03736465322,baixa,baixa,baixa,baixa,baixa,0.02380890743
2,0.99,0.08,0.03702605984,0.03635705896,baixa,baixa,baixa,baixa,baixa,0.02400240221
2,0.99,0.1,0.04573502771,0.04472001396,baixa,baixa,baixa,baixa,baixa,0.02289643287
2,0.99,0.11,0.04899960914,0.04783695681,baixa,baixa,baixa,baixa,baixa,0.02276109886
2,0.99,0.12,0.04783382514,0.04672500953,baixa,baixa,baixa,baixa,baixa,0.02279271681
2,0.99,0.14,0.05227497322,0.05095446154,baixa,baixa,baixa,baixa,baixa,0.02277035508
2,0.99,0.16,0.05480718346,0.05335798573,baixa,baixa,baixa,baixa,baixa,0.02287623915
2,0.99,0.17,0.07057819015,0.06819886715,baixa,baixa,baixa,baixa,baixa,0.02558520151
2,0.99,0.18,0.04951208104,0.04832537144,baixa,baixa,baixa,baixa,baixa,0.02275302176
2,0.99,0.2,0.05751070222,0.05591775219,baixa,baixa,baixa,baixa,baixa,0.02308492615
2,0.99,0.22,0.05205647397,0.05074679536,baixa,baixa,baixa,baixa,baixa,0.02276525322
2,0.99,0.25,0.07586434084,0.07312437651,baixa,baixa,baixa,baixa,baixa,0.02740402792
2,0.99,0.3,0.07084661899,0.06844956832,baixa,baixa,baixa,baixa,baixa,0.02566509116
2,0.99,0.35,0.08874749152,0.08502794518,baixa,baixa,baixa,baixa,baixa,0.0344907737
2,0.99,0.38,0.06718514373,0.06502447529,baixa,baixa,baixa,baixa,baixa,0.02468151224
2,0.99,0.385,0.06965946203,0.06734033804,baixa,baixa,baixa,baixa,baixa,0.02532128837
2,0.99,0.395,0.09106926217,0.08715818987,baixa,baixa,baixa,baixa,baixa,0.03628045878
2,0.99,0.4,0.07401611465,0.07140500031,baixa,baixa,baixa,baixa,baixa,0.02670742708
2,0.99,0.41,0.08399458671,0.0806529092,baixa,baixa,baixa,baixa,baixa,0.03136562725
2,0.99,0.415,0.06266189014,0.0607769774,baixa,baixa,baixa,baixa,baixa,0.02376361488
2,0.99,0.42,0.08216591332,0.07896450815,baixa,baixa,baixa,baixa,baixa,0.03033464522
2,0.99,0.43,0.9200990323,0.652376764,alta,baixa,alta,alta,alta,1
2,0.99,0.435,0.568933274,0.4503959451,alta,baixa,alta,alta,alta,1
2,0.99,0.44,0.08673900841,0.08318147665,baixa,baixa,baixa,baixa,baixa,0.03308690975
2,0.99,0.45,0.08297957727,0.07971611028,baixa,baixa,baixa,baixa,baixa,0.03078246695
2,0.99,0.455,2.236067977,1.174359006,alta,alta,alta,alta,alta,1
2,0.99,0.46,0.9174081569,0.6509743558,alta,baixa,alta,alta,alta,1
2,0.99,0.47,0.9180416165,0.6513046741,alta,baixa,alta,alta,alta,1
2,0.99,0.48,1.374970815,0.864985149,alta,alta,alta,alta,alta,1
2,0.99,0.49,0.565633632,0.4482906187,alta,baixa,alta,alta,alta,1
2,0.99,0.5,2.236067977,1.174359006,alta,alta,alta,alta,alta,1
3,0.01,0.01,0.01247171228,0.01239458112,baixa,baixa,baixa,baixa,baixa,0.03528114293
3,0.01,0.03,0.01626946215,0.01613853265,baixa,baixa,baixa,baixa,baixa,0.03242884442
3,0.01,0.032,0.02174192982,0.02150894504,baixa,baixa,baixa,baixa,baixa,0.02918251735
3,0.01,0.035,0.02009845509,0.01989914724,baixa,baixa,baixa,baixa,baixa,0.03006210246
3,0.01,0.037,0.01594734119,0.01582151827,baixa,baixa,baixa,baixa,baixa,0.03265001317
3,0.01,0.04,0.01916158931,0.01898031803,baixa,baixa,baixa,baixa,baixa,0.03059858945
3,0.01,0.042,0.0220754225,0.02183528798,baixa,baixa,baixa,baixa,baixa,0.02901321043
3,0.01,0.045,0.02194093587,0.02170369742,baixa,baixa,baixa,baixa,baixa,0.02908112334
3,0.01,0.047,0.01976274832,0.01957000055,baixa,baixa,baixa,baixa,baixa,0.0302513295
3,0.01,0.05,0.02656349455,0.02621681095,baixa,baixa,baixa,baixa,baixa,0.02701064634
3,0.01,0.052,0.02348967737,0.02321804045,baixa,baixa,baixa,baixa,baixa,0.02832804489
3,0.01,0.055,0.02248020948,0.02223125372,baixa,baixa,baixa,baixa,baixa,0.02881173216
3,0.01,0.057,0.0303719377,0.02991984162,baixa,baixa,baixa,baixa,baixa,0.02567214943
3,0.01,0.06,0.02476553627,0.02446384132,baixa,baixa,baixa,baixa,baixa,0.02775367353
3,0.01,0.065,0.02397719549,0.02369425634,baixa,baixa,baixa,baixa,baixa,0.02810379784
3,0.01,0.07,0.02557046582,0.02524900979,baixa,baixa,baixa,baixa,baixa,0.02741168285
3,0.01,0.075,0.02800286986,0.02761795872,baixa,baixa,baixa,baixa,baixa,0.02646864971
3,0.01,0.08,0.02246460214,0.0222159894,baixa,baixa,baixa,baixa,baixa,0.02881941959
3,0.01,0.1,0.03563758681,0.03501726295,baixa,baixa,baixa,baixa,baixa,0.02428691943
3,0.01,0.11,0.03713673793,0.0364637797,baixa,baixa,baixa,baixa,baixa,0.02398108482
3,0.01,0.12,0.03399659615,0.03343148415,baixa,baixa,baixa,baixa,baixa,0.02466512958
3,0.01,0.14,0.05166052879,0.05037037097,baixa,baixa,baixa,baixa,baixa,0.0227576394
3,0.01,0.16,0.05056848801,0.04933143481,baixa,baixa,baixa,baixa,baixa,0.02274754056
3,0.01,0.17,0.04784973367,0.04674019171,baixa,baixa,baixa,baixa,baixa,0.02279216109
3,0.01,0.18,0.05217132296,0.05085595558,baixa,baixa,baixa,baixa,baixa,0.02276785508
3,0.01,0.2,0.06603601666,0.06394711191,baixa,baixa,baixa,baixa,baixa,0.02441831328
3,0.01,0.22,0.08018486157,0.0771321946,baixa,baixa,baixa,baixa,baixa,0.02931411281
3,0.01,0.25,0.08856816887,0.08486322616,baixa,baixa,baixa,baixa,baixa,0.03436017338
3,0.01,0.3,0.09804271422,0.09352924417,baixa,baixa,baixa,baixa,baixa,0.04291755542
3,0.01,0.35,0.1145928242,0.1084891581,baixa,baixa,baixa,baixa,baixa,0.06995118122
3,0.01,0.38,0.5770438285,0.4555520999,alta,baixa,alta,alta,alta,1
3,0.01,0.385,0.1109644081,0.1052284742,baixa,baixa,baixa,baixa,baixa,0.06221710395
3,0.01,0.395,0.5713901511,0.4519606741,alta,baixa,alta,alta,alta,1
3,0.01,0.4,0.115016199,0.1088689331,baixa,baixa,baixa,baixa,baixa,0.07093813994
3,0.01,0.41,0.9333244287,0.659241023,alta,baixa,alta,alta,alta,1
3,0.01,0.415,1.372642958,0.8640045059,alta,alta,alta,alta,alta,1
3,0.01,0.42,2.236067977,1.174359006,alta,alta,alta,alta,alta,1
3,0.01,0.43,2.236067977,1.174359006,alta,alta,alta,alta,alta,1
3,0.01,0.435,0,0,baixa,baixa,baixa,baixa,baixa,0.04959952211
3,0.01,0.44,0,0,baixa,baixa,baixa,baixa,baixa,0.04959952211
3,0.01,0.45,2.236067977,1.174359006,alta,alta,alta,alta,alta,1
3,0.01,0.455,1.370316468,0.8630234772,alta,alta,alta,alta,alta,1
3,0.01,0.46,1.37526629,0.8651095535,alta,alta,alta,alta,alta,1
3,0.01,0.47,0,0,baixa,baixa,baixa,baixa,baixa,0.04959952211
3,0.01,0.48,2.236067977,1.174359006,alta,alta,alta,alta,alta,1
3,0.01,0.49,0,0,baixa,baixa,baixa,baixa,baixa,0.04959952211
3,0.01,0.5,0,0,baixa,baixa,baixa,baixa,baixa,0.04959952211
3,0.50,0.01,0.01405630362,0.01395842988,baixa,baixa,baixa,baixa,baixa,0.03402406431
3,0.50,0.03,0.02366714462,0.0233914197,baixa,baixa,baixa,baixa,baixa,0.02824572053
3,0.50,0.032,0.015832659,0.01570862988,baixa,baixa,baixa,baixa,baixa,0.03272963499
3,0.50,0.035,0.01587306778,0.01574840806,baixa,baixa,baixa,baixa,baixa,0.03270152679
3,0.50,0.037,0.01921487582,0.01903260131,baixa,baixa,baixa,baixa,baixa,0.0305673671
3,0.50,0.04,0.02117307169,0.02095203675,baixa,baixa,baixa,baixa,baixa,0.02947835143
3,0.50,0.042,0.02044055235,0.02023444812,baixa,baixa,baixa,baixa,baixa,0.02987267072
3,0.50,0.045,0.02132972516,0.0211054304,baixa,baixa,baixa,baixa,baixa,0.0293959894
3,0.50,0.047,0.01927531305,0.01909189739,baixa,baixa,baixa,baixa,baixa,0.03053205955
3,0.50,0.05,0.0279197734,0.02753712255,baixa,baixa,baixa,baixa,baixa,0.02649871089
3,0.50,0.052,0.0275810971,0.02720759089,baixa,baixa,baixa,baixa,baixa,0.02662276945
3,0.50,0.055,0.02655990157,0.02621331094,baixa,baixa,baixa,baixa,baixa,0.02701205675
3,0.50,0.057,0.01551608609,0.01539694247,baixa,baixa,baixa,baixa,baixa,0.03295185462
3,0.50,0.06,0.02173077111,0.02149802372,baixa,baixa,baixa,baixa,baixa,0.02918823469
3,0.50,0.065,0.03091850448,0.03045015679,baixa,baixa,baixa,baixa,baixa,0.02550443345
3,0.50,0.07,0.02872725099,0.02832235951,baixa,baixa,baixa,baixa,baixa,0.02621280873
3,0.50,0.075,0.02655175091,0.02620537112,baixa,baixa,baixa,baixa,baixa,0.02701525735
3,0.50,0.08,0.0333222235,0.03277907131,baixa,baixa,baixa,baixa,baixa,0.02483418673
3,0.50,0.1,0.02733266901,0.02696580158,baixa,baixa,baixa,baixa,baixa,0.02671535307
3,0.50,0.11,0.04212085845,0.0412579236,baixa,baixa,baixa,baixa,baixa,0.02321938814
3,0.50,0.12,0.03750847116,0.03682213807,baixa,baixa,baixa,baixa,baixa,0.02391093563
3,0.50,0.14,0.05159894287,0.05031180861,baixa,baixa,baixa,baixa,baixa,0.02275664409
3,0.50,0.16,0.05774441012,0.05613872591,baixa,baixa,baixa,baixa,baixa,0.02310765504
3,0.50,0.17,0.05932930383,0.05763597563,baixa,baixa,baixa,baixa,baixa,0.02328174346
3,0.50,0.18,0.05245873749,0.05112908152,baixa,baixa,baixa,baixa,baixa,0.02277514158
3,0.50,0.2,0.05678818458,0.05523429379,baixa,baixa,baixa,baixa,baixa,0.02301940235
3,0.50,0.22,0.07135645552,0.06892556104,baixa,baixa,baixa,baixa,baixa,0.0258203446
3,0.50,0.25,0.06708423273,0.06492991271,baixa,baixa,baixa,baixa,baixa,0.02465755477
3,0.50,0.3,0.103482041,0.09847067199,baixa,baixa,baixa,baixa,baixa,0.04972247386
3,0.50,0.35,0.0823786095,0.07916103557,baixa,baixa,baixa,baixa,baixa,0.03045005331
3,0.50,0.38,0.1312497603,0.1233230041,baixa,baixa,baixa,baixa,incerta,0.1270618645
3,0.50,0.385,0.1058290289,0.1005953061,baixa,baixa,baixa,baixa,baixa,0.05320448735
3,0.50,0.395,0.1092470656,0.1036814659,baixa,baixa,baixa,baixa,baixa,0.05897113443
3,0.50,0.4,0.5684375822,0.4500799533,alta,baixa,alta,alta,alta,1
3,0.50,0.41,0.09899770529,0.09439858742,baixa,baixa,baixa,baixa,baixa,0.04399691649
3,0.50,0.415,0.5677091585,0.4496154191,alta,baixa,alta,alta,alta,1
3,0.50,0.42,0.922998554,0.6538857146,alta,baixa,alta,alta,alta,1
3,0.50,0.43,0.9195967111,0.6521151177,alta,baixa,alta,alta,alta,1
3,0.50,0.435,0.5683644298,0.4500333119,alta,baixa,alta,alta,alta,1
3,0.50,0.44,0.9187252212,0.6516610182,alta,baixa,alta,alta,alta,1
3,0.50,0.45,0,0,baixa,baixa,baixa,baixa,baixa,0.04959952211
3,0.50,0.455,0.09370571697,0.08957167053,baixa,baixa,baixa,baixa,baixa,0.03855145572
3,0.50,0.46,2.236067977,1.174359006,alta,alta,alta,alta,alta,1
3,0.50,0.47,0.5714301061,0.4519861004,alta,baixa,alta,alta,alta,1
3,0.50,0.48,2.236067977,1.174359006,alta,alta,alta,alta,alta,1
3,0.50,0.49,1.375533422,0.8652220109,alta,alta,alta,alta,alta,1
3,0.50,0.5,0,0,baixa,baixa,baixa,baixa,baixa,0.04959952211
3,0.99,0.01,0.0107464041,0.01068907188,baixa,baixa,baixa,baixa,baixa,0.03676890838
3,0.99,0.03,0.04476336605,0.0437904158,baixa,baixa,baixa,baixa,baixa,0.02296508709
3,0.99,0.032,0.06046741429,0.05870976781,baixa,baixa,baixa,baixa,baixa,0.02342844609
3,0.99,0.035,0.04839628353,0.04726164756,baixa,baixa,baixa,baixa,baixa,0.02277515988
3,0.99,0.037,0.05673675967,0.05518563109,baixa,baixa,baixa,baixa,baixa,0.02301501119
3,0.99,0.04,0.05285817791,0.05150854023,baixa,baixa,baixa,baixa,baixa,0.02278710811
3,0.99,0.042,0.0415487647,0.04070880223,baixa,baixa,baixa,baixa,baixa,0.02328772666
3,0.99,0.045,0.0462948728,0.04525523108,baixa,baixa,baixa,baixa,baixa,0.02286283827
3,0.99,0.047,0.04967746708,0.04848294278,baixa,baixa,baixa,baixa,baixa,0.02275117152
3,0.99,0.05,0.05521329679,0.05374292354,baixa,baixa,baixa,baixa,baixa,0.0229012531
3,0.99,0.052,0.05998137006,0.05825133256,baixa,baixa,baixa,baixa,baixa,0.02336355666
3,0.99,0.055,0.04964340842,0.04845049546,baixa,baixa,baixa,baixa,baixa,0.02275152239
3,0.99,0.057,0.05246431212,0.05113437828,baixa,baixa,baixa,baixa,baixa,0.02277529386
3,0.99,0.06,0.04419758109,0.04324872548,baixa,baixa,baixa,baixa,baixa,0.02301116213
3,0.99,0.065,0.04932318925,0.04814537467,baixa,baixa,baixa,baixa,baixa,0.02275558627
3,0.99,0.07,0.03410511405,0.03353642861,baixa,baixa,baixa,baixa,baixa,0.02463867786
3,0.99,0.075,0.04476695337,0.04379384942,baixa,baixa,baixa,baixa,baixa,0.02296480933
3,0.99,0.08,0.05365592909,0.05226595384,baixa,baixa,baixa,baixa,baixa,0.02281741619
3,0.99,0.1,0.07352426786,0.07094694438,baixa,baixa,baixa,baixa,baixa,0.02653336365
3,0.99,0.11,0.06545300442,0.06340006498,baixa,baixa,baixa,baixa,baixa,0.0242927453
3,0.99,0.12,0.06514274527,0.06310882329,baixa,baixa,baixa,baixa,baixa,0.0242280768
3,0.99,0.14,0.06517851284,0.06314240281,baixa,baixa,baixa,baixa,baixa,0.0242354561
3,0.99,0.16,0.06765402885,0.06546374503,baixa,baixa,baixa,baixa,baixa,0.02479499074
3,0.99,0.17,0.0790841889,0.07611270817,baixa,baixa,baixa,baixa,baixa,0.02878789865
3,0.99,0.18,0.08570576641,0.08223025147,baixa,baixa,baixa,baixa,baixa,0.03241322521
3,0.99,0.2,0.08117814624,0.07805132271,baixa,baixa,baixa,baixa,baixa,0.02981370253
3,0.99,0.22,0.06053377542,0.0587723431,baixa,baixa,baixa,baixa,baixa,0.02343756591
3,0.99,0.25,0.06413268872,0.06216009059,baixa,baixa,baixa,baixa,baixa,0.02402777982
3,0.99,0.3,0.1072071325,0.1018407478,baixa,baixa,baixa,baixa,baixa,0.0554246226
3,0.99,0.35,0.08729637025,0.0836942207,baixa,baixa,baixa,baixa,baixa,0.03346373746
3,0.99,0.38,0.08994318895,0.08612557465,baixa,baixa,baixa,baixa,baixa,0.03538912291
3,0.99,0.385,0.09768431053,0.09320278857,baixa,baixa,baixa,baixa,baixa,0.04252410453
3,0.99,0.395,0.1232613665,0.1162363882,baixa,baixa,baixa,baixa,baixa,0.09441094833
3,0.99,0.4,0.1381118543,0.1293706211,baixa,baixa,baixa,baixa,incerta,0.165773163
3,0.99,0.41,0.1053833621,0.1001922088,baixa,baixa,baixa,baixa,baixa,0.05251510876
3,0.99,0.415,0.5722220677,0.4524899484,alta,baixa,alta,alta,alta,1
3,0.99,0.42,0.09125856815,0.08733167983,baixa,baixa,baixa,baixa,baixa,0.03643476787
3,0.99,0.43,0.569457148,0.450729794,alta,baixa,alta,alta,alta,1
3,0.99,0.435,0.1222477765,0.1153336174,baixa,baixa,baixa,baixa,baixa,0.09103706136
3,0.99,0.44,0.5758814742,0.4548147819,alta,baixa,alta,alta,alta,1
3,0.99,0.45,1.373813133,0.8644975793,alta,alta,alta,alta,alta,1
3,0.99,0.455,2.236067977,1.174359006,alta,alta,alta,alta,alta,1
3,0.99,0.46,1.371551046,0.8635441908,alta,alta,alta,alta,alta,1
3,0.99,0.47,1.371534019,0.863537011,alta,alta,alta,alta,alta,1
3,0.99,0.48,2.236067977,1.174359006,alta,alta,alta,alta,alta,1
3,0.99,0.49,1.376021787,0.8654275709,alta,alta,alta,alta,alta,1
3,0.99,0.5,1.371102432,0.8633550082,alta,alta,alta,alta,alta,1
4,0.01,0.01,0.03333098215,0.03278754748,baixa,baixa,baixa,baixa,baixa,0.02483193902
4,0.01,0.03,0.03254236802,0.03202407942,baixa,baixa,baixa,baixa,baixa,0.02503988693
4,0.01,0.032,0.03421124354,0.03363905265,baixa,baixa,baixa,baixa,baixa,0.02461300836
4,0.01,0.035,0.03633744389,0.03569280884,baixa,baixa,baixa,baixa,baixa,0.02413952609
4,0.01,0.037,0.0364956016,0.03584540937,baixa,baixa,baixa,baixa,baixa,0.0241073439
4,0.01,0.04,0.05088045509,0.04962834146,baixa,baixa,baixa,baixa,baixa,0.02274879216
4,0.01,0.042,0.03724070041,0.03656401457,baixa,baixa,baixa,baixa,baixa,0.02396124163
4,0.01,0.045,0.02980402987,0.02936852187,baixa,baixa,baixa,baixa,baixa,0.02585265623
4,0.01,0.047,0.04363195984,0.04270689842,baixa,baixa,baixa,baixa,baixa,0.02306175119
4,0.01,0.05,0.03949968035,0.03873952081,baixa,baixa,baixa,baixa,baixa,0.02357247434
4,0.01,0.052,0.04168033264,0.04083511377,baixa,baixa,baixa,baixa,baixa,0.02327158477
4,0.01,0.055,0.0375758213,0.03688705122,baixa,baixa,baixa,baixa,baixa,0.02389846403
4,0.01,0.057,0.07013030067,0.06778041739,baixa,baixa,baixa,baixa,baixa,0.02545471249
4,0.01,0.06,0.05839017423,0.05674905017,baixa,baixa,baixa,baixa,baixa,0.02317437649
4,0.01,0.065,0.04492842701,0.04394839217,baixa,baixa,baixa,baixa,baixa,0.02295249383
4,0.01,0.07,0.07450389095,0.07185905826,baixa,baixa,baixa,baixa,baixa,0.02688468145
4,0.01,0.075,0.08374968228,0.08042695594,baixa,baixa,baixa,baixa,baixa,0.03122237903
4,0.01,0.08,0.0483670877,0.04723379909,baixa,baixa,baixa,baixa,baixa,0.02277596546
4,0.01,0.1,0.09425128399,0.09007037048,baixa,baixa,baixa,baixa,baixa,0.0390556226
4,0.01,0.11,0.09394578973,0.08979115042,baixa,baixa,baixa,baixa,baixa,0.03877180537
4,0.01,0.12,0.07153889442,0.06909583431,baixa,baixa,baixa,baixa,baixa,0.02587702931
4,0.01,0.14,0.09510452339,0.09084981387,baixa,baixa,baixa,baixa,baixa,0.03986902014
4,0.01,0.16,0.1200695038,0.1133907404,baixa,baixa,baixa,baixa,baixa,0.08428409495
4,0.01,0.17,0.09364308175,0.08951440009,baixa,baixa,baixa,baixa,baixa,0.03849435207
4,0.01,0.18,0.1322299029,0.1241890536,baixa,baixa,baixa,baixa,incerta,0.1319178357
4,0.01,0.2,0.1578694958,0.1465816748,baixa,baixa,baixa,baixa,incerta,0.3551701256
4,0.01,0.22,0.1728110942,0.1594035117,baixa,baixa,baixa,baixa,incerta,0.5723813718
4,0.01,0.25,0.185713331,0.1703445605,baixa,baixa,baixa,baixa,incerta,0.7569479527
4,0.01,0.3,0.1886436177,0.1728128399,baixa,baixa,baixa,baixa,incerta,0.792089331
4,0.01,0.35,0.1862215742,0.1707731079,baixa,baixa,baixa,baixa,incerta,0.7632751727
4,0.01,0.38,0.9563773215,0.6710944576,alta,baixa,alta,alta,alta,1
4,0.01,0.385,0.2567873176,0.2285587169,baixa,baixa,baixa,baixa,alta,0.9990631887
4,0.01,0.395,0.7149856964,0.5394047403,alta,baixa,alta,alta,alta,1
4,0.01,0.4,0.9464392074,0.6660016558,alta,baixa,alta,alta,alta,1
4,0.01,0.41,0.9529958692,0.6693645368,alta,baixa,alta,alta,alta,1
4,0.01,0.415,0.6701090544,0.5128889263,alta,baixa,alta,alta,alta,1
4,0.01,0.42,0.9369690742,0.6611244185,alta,baixa,alta,alta,alta,1
4,0.01,0.43,1.378938975,0.8666545796,alta,alta,alta,alta,alta,1
4,0.01,0.435,2.236067977,1.174359006,alta,alta,alta,alta,alta,1
4,0.01,0.44,2.236067977,1.174359006,alta,alta,alta,alta,alta,1
4,0.01,0.45,1.406143584,0.8780252934,alta,alta,alta,alta,alta,1
4,0.01,0.455,1.414213562,0.881373587,alta,alta,alta,alta,alta,1
4,0.01,0.46,2.236067977,1.174359006,alta,alta,alta,alta,alta,1
4,0.01,0.47,1.377606817,0.8660944427,alta,alta,alta,alta,alta,1
4,0.01,0.48,0,0,baixa,baixa,baixa,baixa,baixa,0.04959952211
4,0.01,0.49,0,0,baixa,baixa,baixa,baixa,baixa,0.04959952211
4,0.01,0.5,0,0,baixa,baixa,baixa,baixa,baixa,0.04959952211
4,0.50,0.01,0.04129332964,0.04046352673,baixa,baixa,baixa,baixa,baixa,0.02331979518
4,0.50,0.03,0.06097440404,0.05918773497,baixa,baixa,baixa,baixa,baixa,0.02349971352
4,0.50,0.032,0.03631843927,0.03567447042,baixa,baixa,baixa,baixa,baixa,0.02414342097
4,0.50,0.035,0.0533757659,0.0520000222,baixa,baixa,baixa,baixa,baixa,0.02280579867
4,0.50,0.037,0.06017448304,0.05843350122,baixa,baixa,baixa,baixa,baixa,0.02338893727
4,0.50,0.04,0.02708248334,0.02672224256,baixa,baixa,baixa,baixa,baixa,0.02680995978
4,0.50,0.042,0.06268535503,0.0607990584,baixa,baixa,baixa,baixa,baixa,0.02376757723
4,0.50,0.045,0.03605924218,0.03542432577,baixa,baixa,baixa,baixa,baixa,0.02419713919
4,0.50,0.047,0.03001715689,0.02957545928,baixa,baixa,baixa,baixa,baixa,0.02578416156
4,0.50,0.05,0.05606433235,0.05454910422,baixa,baixa,baixa,baixa,baixa,0.02296091217
4,0.50,0.052,0.04684621534,0.04578203986,baixa,baixa,baixa,baixa,baixa,0.02283398264
4,0.50,0.055,0.05323099622,0.05186257872,baixa,baixa,baixa,baixa,baixa,0.02280020864
4,0.50,0.057,0.07319720741,0.07064223745,baixa,baixa,baixa,baixa,baixa,0.0264201796
4,0.50,0.06,0.04418510314,0.0432367756,baixa,baixa,baixa,baixa,baixa,0.0230122292
4,0.50,0.065,0.07944872528,0.07645047126,baixa,baixa,baixa,baixa,baixa,0.02895905365
4,0.50,0.07,0.05782314357,0.05621315838,baixa,baixa,baixa,baixa,baixa,0.02311548156
4,0.50,0.075,0.04881012582,0.04765630809,baixa,baixa,baixa,baixa,baixa,0.02276498402
4,0.50,0.08,0.07432730956,0.07169470716,baixa,baixa,baixa,baixa,baixa,0.02681997606
4,0.50,0.1,0.07917964144,0.07620116124,baixa,baixa,baixa,baixa,baixa,0.02883241946
4,0.50,0.11,0.07400746642,0.07139694804,baixa,baixa,baixa,baixa,baixa,0.02670432619
4,0.50,0.12,0.1032377323,0.09824924951,baixa,baixa,baixa,baixa,baixa,0.04938040385
4,0.50,0.14,0.07320100212,0.07064577334,baixa,baixa,baixa,baixa,baixa,0.02642148118
4,0.50,0.16,0.1562992074,0.1452245667,baixa,baixa,baixa,baixa,incerta,0.3353790572
4,0.50,0.17,0.123239313,0.1162167546,baixa,baixa,baixa,baixa,baixa,0.09433590116
4,0.50,0.18,0.1504877578,0.1401859896,baixa,baixa,baixa,baixa,incerta,0.2692731523
4,0.50,0.2,0.1400043423,0.1310320714,baixa,baixa,baixa,baixa,incerta,0.1785668205
4,0.50,0.22,0.1100062915,0.1043656833,baixa,baixa,baixa,baixa,baixa,0.06037555218
4,0.50,0.25,0.1097589698,0.1041428474,baixa,baixa,baixa,baixa,baixa,0.05991282675
4,0.50,0.3,0.1675156101,0.154878081,baixa,baixa,baixa,baixa,incerta,0.4914119808
4,0.50,0.35,0.2312015842,0.2079905903,baixa,baixa,baixa,baixa,alta,0.9905457194
4,0.50,0.38,0.1960109232,0.1789917886,baixa,baixa,baixa,baixa,incerta,0.8652889007
4,0.50,0.385,0.3082451969,0.2686866949,baixa,baixa,baixa,baixa,alta,0.9999955002
4,0.50,0.395,0.2738442494,0.2420392965,baixa,baixa,baixa,baixa,alta,0.9998241963
4,0.50,0.4,0.2044473777,0.1860208541,baixa,baixa,baixa,baixa,alta,0.923093238
4,0.50,0.41,0.3161450287,0.274707031,baixa,baixa,baixa,baixa,alta,0.999998159
4,0.50,0.415,0.941589177,0.6635068012,alta,baixa,alta,alta,alta,1
4,0.50,0.42,2.236067977,1.174359006,alta,alta,alta,alta,alta,1
4,0.50,0.43,1.384627212,0.869042807,alta,alta,alta,alta,alta,1
4,0.50,0.435,0.9380192141,0.6616664278,alta,baixa,alta,alta,alta,1
4,0.50,0.44,0.6294435901,0.4882386008,alta,baixa,alta,alta,alta,1
4,0.50,0.45,1.377373229,0.865996193,alta,alta,alta,alta,alta,1
4,0.50,0.455,0.9220339803,0.6533839901,alta,baixa,alta,alta,alta,1
4,0.50,0.46,1,0.6931471806,alta,baixa,alta,alta,alta,1
4,0.50,0.47,2.236067977,1.174359006,alta,alta,alta,alta,alta,1
4,0.50,0.48,2.236067977,1.174359006,alta,alta,alta,alta,alta,1
4,0.50,0.49,2.236067977,1.174359006,alta,alta,alta,alta,alta,1
4,0.50,0.5,0,0,baixa,baixa,baixa,baixa,baixa,0.04959952211
4,0.99,0.01,0.02548476082,0.02516543817,baixa,baixa,baixa,baixa,baixa,0.02744736581
4,0.99,0.03,0.07652017159,0.07373377577,baixa,baixa,baixa,baixa,baixa,0.02766787174
4,0.99,0.032,0.06971066113,0.06738820175,baixa,baixa,baixa,baixa,baixa,0.02533561205
4,0.99,0.035,0.09329369758,0.08919488085,baixa,baixa,baixa,baixa,baixa,0.03817872556
4,0.99,0.037,0.06491894494,0.06289868822,baixa,baixa,baixa,baixa,baixa,0.02418235121
4,0.99,0.04,0.05510905168,0.0536441281,baixa,baixa,baixa,baixa,baixa,0.02289461967
4,0.99,0.042,0.08341268498,0.08011595267,baixa,baixa,baixa,baixa,baixa,0.03102792138
4,0.99,0.045,0.06541732227,0.06336657431,baixa,baixa,baixa,baixa,baixa,0.0242852321
4,0.99,0.047,0.0475402568,0.04644480339,baixa,baixa,baixa,baixa,baixa,0.02280359087
4,0.99,0.05,0.05797313528,0.05635494113,baixa,baixa,baixa,baixa,baixa,0.02313062815
4,0.99,0.052,0.04618764552,0.04515274298,baixa,baixa,baixa,baixa,baixa,0.02286893692
4,0.99,0.055,0.06114423587,0.05934779372,baixa,baixa,baixa,baixa,baixa,0.02352440895
4,0.99,0.057,0.06536748638,0.06331979728,baixa,baixa,baixa,baixa,baixa,0.02427477174
4,0.99,0.06,0.06773513151,0.06553970558,baixa,baixa,baixa,baixa,baixa,0.02481498141
4,0.99,0.065,0.07015812328,0.06780641633,baixa,baixa,baixa,baixa,baixa,0.0254627166
4,0.99,0.07,0.07110154065,0.06868759617,baixa,baixa,baixa,baixa,baixa,0.02574214029
4,0.99,0.075,0.05278960179,0.05144340482,baixa,baixa,baixa,baixa,baixa,0.0227849015
4,0.99,0.08,0.09072589565,0.0868434339,baixa,baixa,baixa,baixa,baixa,0.03600388548
4,0.99,0.1,0.1176895148,0.1112636213,baixa,baixa,baixa,baixa,baixa,0.077621516
4,0.99,0.11,0.06991613473,0.06758026664,baixa,baixa,baixa,baixa,baixa,0.02539354923
4,0.99,0.12,0.1357814445,0.1273209114,baixa,baixa,baixa,baixa,incerta,0.1513400788
4,0.99,0.14,0.106876574,0.1015421515,baixa,baixa,baixa,baixa,baixa,0.05487963097
4,0.99,0.16,0.1242026852,0.1170740602,baixa,baixa,baixa,baixa,baixa,0.09768414093
4,0.99,0.17,0.1312983036,0.1233659145,baixa,baixa,baixa,baixa,incerta,0.1272975153
4,0.99,0.18,0.1471155688,0.1372505905,baixa,baixa,baixa,baixa,incerta,0.2361967573
4,0.99,0.2,0.1302342758,0.1224249349,baixa,baixa,baixa,baixa,incerta,0.1222451952
4,0.99,0.22,0.1031832124,0.09819983017,baixa,baixa,baixa,baixa,baixa,0.04930457156
4,0.99,0.25,0.146932722,0.1370911808,baixa,baixa,baixa,baixa,incerta,0.2345128545
4,0.99,0.3,0.1784839718,0.1642288428,baixa,baixa,baixa,baixa,incerta,0.6579460946
4,0.99,0.35,0.1212901105,0.1144799068,baixa,baixa,baixa,baixa,baixa,0.08798687269
4,0.99,0.38,0.165484607,0.1531369722,baixa,baixa,baixa,baixa,incerta,0.4610507685
4,0.99,0.385,0.1870376307,0.1714608175,baixa,baixa,baixa,baixa,incerta,0.7732340071
4,0.99,0.395,0.639403721,0.494332591,alta,baixa,alta,alta,alta,1
4,0.99,0.4,0.5820144948,0.4586990316,alta,baixa,alta,alta,alta,1
4,0.99,0.41,0.2084921789,0.1893734494,baixa,baixa,baixa,baixa,alta,0.9424021455
4,0.99,0.415,0.3098370938,0.2699027736,baixa,baixa,baixa,baixa,alta,0.9999962362
4,0.99,0.42,0.5812860106,0.4582384468,alta,baixa,alta,alta,alta,1
4,0.99,0.43,0.274436175,0.2425038651,baixa,baixa,baixa,baixa,alta,0.9998344072
4,0.99,0.435,0.600255455,0.4701632758,alta,baixa,alta,alta,alta,1
4,0.99,0.44,0.1930327475,0.1764985925,baixa,baixa,baixa,baixa,incerta,0.8383621459
4,0.99,0.45,0.6030581382,0.4719131414,alta,baixa,alta,alta,alta,1
4,0.99,0.455,2.236067977,1.174359006,alta,alta,alta,alta,alta,1
4,0.99,0.46,0.9371036078,0.6611938718,alta,baixa,alta,alta,alta,1
4,0.99,0.47,0,0,baixa,baixa,baixa,baixa,baixa,0.04959952211
4,0.99,0.48,0.9641234054,0.6750460416,alta,baixa,alta,alta,alta,1
4,0.99,0.49,0.9684499153,0.677246388,alta,baixa,alta,alta,alta,1
4,0.99,0.5,2.236067977,1.174359006,alta,alta,alta,alta,alta,1
5,0.01,0.01,0.0825240029,0.07929535423,baixa,baixa,baixa,baixa,baixa,0.03052961345
5,0.01,0.03,0.06492086873,0.06290049474,baixa,baixa,baixa,baixa,baixa,0.02418274099
5,0.01,0.032,0.08237254752,0.07915543495,baixa,baixa,baixa,baixa,baixa,0.03044674801
5,0.01,0.035,0.09666436103,0.0922731737,baixa,baixa,baixa,baixa,baixa,0.04143798179
5,0.01,0.037,0.06734460187,0.06517388351,baixa,baixa,baixa,baixa,baixa,0.02471970429
5,0.01,0.04,0.1996930125,0.1820657012,baixa,baixa,baixa,baixa,incerta,0.8937172571
5,0.01,0.042,0.1119384381,0.1061048329,baixa,baixa,baixa,baixa,baixa,0.06417172812
5,0.01,0.045,0.1498649038,0.1396444605,baixa,baixa,baixa,baixa,incerta,0.262872556
5,0.01,0.047,0.1589880529,0.1475472562,baixa,baixa,baixa,baixa,incerta,0.3697385945
5,0.01,0.05,0.1149568183,0.1088156762,baixa,baixa,baixa,baixa,baixa,0.07079858293
5,0.01,0.052,0.1484894719,0.1384475763,baixa,baixa,baixa,baixa,incerta,0.2492075491
5,0.01,0.055,0.1813627441,0.16666864,baixa,baixa,baixa,baixa,incerta,0.6991801992
5,0.01,0.057,0.09123230019,0.08730760829,baixa,baixa,baixa,baixa,baixa,0.03641327788
5,0.01,0.06,0.1746714979,0.1609885323,baixa,baixa,baixa,baixa,incerta,0.6008386353
5,0.01,0.065,0.1469673251,0.1371213505,baixa,baixa,baixa,baixa,incerta,0.2348306741
5,0.01,0.07,0.1170636226,0.1107034769,baixa,baixa,baixa,baixa,baixa,0.07598424591
5,0.01,0.075,0.1540537304,0.1432807271,baixa,baixa,baixa,baixa,incerta,0.3084791818
5,0.01,0.08,0.1269248892,0.1194925862,baixa,baixa,baixa,baixa,incerta,0.1079608192
5,0.01,0.1,0.3335112685,0.2878155149,baixa,baixa,baixa,baixa,alta,0.9999997581
5,0.01,0.11,0.2077262954,0.1887394971,baixa,baixa,baixa,baixa,alta,0.9391057221
5,0.01,0.12,0.2630636832,0.2335402643,baixa,baixa,baixa,baixa,alta,0.9994879228
5,0.01,0.14,0.2773162646,0.2447612086,baixa,baixa,baixa,baixa,alta,0.9998764397
5,0.01,0.16,0.3516112388,0.301297391,baixa,baixa,baixa,baixa,alta,0.9999999734
5,0.01,0.17,0.3319400661,0.2866365757,baixa,baixa,baixa,baixa,alta,0.9999997083
5,0.01,0.18,0.4561647631,0.3758061048,baixa,baixa,alta,baixa,alta,1
5,0.01,0.2,0.3511841165,0.3009813313,baixa,baixa,baixa,baixa,alta,0.9999999719
5,0.01,0.22,0.2780931089,0.2453692085,baixa,baixa,baixa,baixa,alta,0.9998858764
5,0.01,0.25,0.3112069919,0.2709480809,baixa,baixa,baixa,baixa,alta,0.9999967743
5,0.01,0.3,0.3667784983,0.3124565097,baixa,baixa,baixa,baixa,alta,0.9999999961
5,0.01,0.35,0.4229786634,0.3527523249,baixa,baixa,baixa,baixa,alta,1
5,0.01,0.38,0.9104327285,0.6473297758,alta,baixa,alta,alta,alta,1
5,0.01,0.385,0.8952547595,0.6393532672,alta,baixa,alta,alta,alta,1
5,0.01,0.395,0.4082482905,0.3423465848,baixa,baixa,baixa,baixa,alta,1
5,0.01,0.4,0.3819541972,0.3234985824,baixa,baixa,baixa,baixa,alta,0.9999999995
5,0.01,0.41,0.7098582109,0.5364104495,alta,baixa,alta,alta,alta,1
5,0.01,0.415,1.110951308,0.747138703,alta,alta,alta,alta,alta,1
5,0.01,0.42,1,0.6931471806,alta,baixa,alta,alta,alta,1
5,0.01,0.43,1.341640786,0.8508518745,alta,alta,alta,alta,alta,1
5,0.01,0.435,1.086533734,0.7355041888,alta,baixa,alta,alta,alta,1
5,0.01,0.44,0.7210748743,0.5429490225,alta,baixa,alta,alta,alta,1
5,0.01,0.45,0.4472135955,0.3696400494,baixa,baixa,alta,baixa,alta,1
5,0.01,0.455,0.4472135955,0.3696400494,baixa,baixa,alta,baixa,alta,1
5,0.01,0.46,0.894427191,0.638916519,alta,baixa,alta,alta,alta,1
5,0.01,0.47,1.303840481,0.8345775048,alta,alta,alta,alta,alta,1
5,0.01,0.48,0,0,baixa,baixa,baixa,baixa,baixa,0.04959952211
5,0.01,0.49,0,0,baixa,baixa,baixa,baixa,baixa,0.04959952211
5,0.01,0.5,0,0,baixa,baixa,baixa,baixa,baixa,0.04959952211
5,0.50,0.01,0.06510698601,0.06307525046,baixa,baixa,baixa,baixa,baixa,0.02422071893
5,0.50,0.03,0.05200933916,0.0507019918,baixa,baixa,baixa,baixa,baixa,0.0227642366
5,0.50,0.032,0.04795945147,0.04684489381,baixa,baixa,baixa,baixa,baixa,0.02278842229
5,0.50,0.035,0.08060549618,0.07752152864,baixa,baixa,baixa,baixa,baixa,0.02952276385
5,0.50,0.037,0.122036259,0.115145123,baixa,baixa,baixa,baixa,baixa,0.09035207896
5,0.50,0.04,0.07180589821,0.06934498115,baixa,baixa,baixa,baixa,baixa,0.02596107126
5,0.50,0.042,0.06470486686,0.06269764043,baixa,baixa,baixa,baixa,baixa,0.02413933145
5,0.50,0.045,0.1522463576,0.1417133915,baixa,baixa,baixa,baixa,incerta,0.2880635407
5,0.50,0.047,0.04719266155,0.0461129279,baixa,baixa,baixa,baixa,baixa,0.0228179876
5,0.50,0.05,0.1456556414,0.1359770857,baixa,baixa,baixa,baixa,incerta,0.223059805
5,0.50,0.052,0.116318003,0.1100357723,baixa,baixa,baixa,baixa,baixa,0.07409278302
5,0.50,0.055,0.1275138616,0.1200150864,baixa,baixa,baixa,baixa,incerta,0.1103526498
5,0.50,0.057,0.105591576,0.1003805546,baixa,baixa,baixa,baixa,baixa,0.05283548679
5,0.50,0.06,0.2385436195,0.213936189,baixa,baixa,baixa,baixa,alta,0.9950010291
5,0.50,0.065,0.1007991765,0.09603644014,baixa,baixa,baixa,baixa,baixa,0.04616144233
5,0.50,0.07,0.2207213651,0.1994419669,baixa,baixa,baixa,baixa,alta,0.9774772589
5,0.50,0.075,0.08649310886,0.08295517818,baixa,baixa,baixa,baixa,baixa,0.03292368051
5,0.50,0.08,0.3301900933,0.2853218593,baixa,baixa,baixa,baixa,alta,0.999999641
5,0.50,0.1,0.1234529153,0.1164069028,baixa,baixa,baixa,baixa,baixa,0.09506590288
5,0.50,0.11,0.2044219221,0.1859997191,baixa,baixa,baixa,baixa,alta,0.9229561631
5,0.50,0.12,0.1352945614,0.1268921427,baixa,baixa,baixa,baixa,incerta,0.148499615
5,0.50,0.14,0.3640589232,0.3104647573,baixa,baixa,baixa,baixa,alta,0.9999999945
5,0.50,0.16,0.2269276169,0.2045131721,baixa,baixa,baixa,baixa,alta,0.9864455528
5,0.50,0.17,0.1729095037,0.1594874172,baixa,baixa,baixa,baixa,incerta,0.5738913662
5,0.50,0.18,0.3941167039,0.3322610275,baixa,baixa,baixa,baixa,alta,0.9999999999
5,0.50,0.2,0.2618464694,0.2325761001,baixa,baixa,baixa,baixa,alta,0.9994236649
5,0.50,0.22,0.3739749675,0.3177079749,baixa,baixa,baixa,baixa,alta,0.9999999985
5,0.50,0.25,0.4475236497,0.3698542686,baixa,baixa,alta,baixa,alta,1
5,0.50,0.3,0.2231823913,0.2014559799,baixa,baixa,baixa,baixa,alta,0.981543289
5,0.50,0.35,0.4685309177,0.3842625254,baixa,baixa,alta,baixa,alta,1
5,0.50,0.38,0.4699421098,0.3852230189,baixa,baixa,alta,baixa,alta,1
5,0.50,0.385,0.4732388073,0.3874632474,baixa,baixa,alta,baixa,alta,1
5,0.50,0.395,0.730622633,0.5484812473,alta,baixa,alta,alta,alta,1
5,0.50,0.4,0.5306687578,0.4257047365,baixa,baixa,alta,baixa,alta,1
5,0.50,0.41,0.4091822582,0.3430095774,baixa,baixa,baixa,baixa,alta,1
5,0.50,0.415,0.994936153,0.6906120463,alta,baixa,alta,alta,alta,1
5,0.50,0.42,1.380852793,0.8674587399,alta,alta,alta,alta,alta,1
5,0.50,0.43,1.084900827,0.7347212893,alta,baixa,alta,alta,alta,1
5,0.50,0.435,0.7297520186,0.5479780564,alta,baixa,alta,alta,alta,1
5,0.50,0.44,1.086533734,0.7355041888,alta,baixa,alta,alta,alta,1
5,0.50,0.45,0.7071067812,0.5347999967,alta,baixa,alta,alta,alta,1
5,0.50,0.455,0.6708203932,0.5133147592,alta,baixa,alta,alta,alta,1
5,0.50,0.46,0.894427191,0.638916519,alta,baixa,alta,alta,alta,1
5,0.50,0.47,0.994936153,0.6906120463,alta,baixa,alta,alta,alta,1
5,0.50,0.48,0.692191292,0.5260243115,alta,baixa,alta,alta,alta,1
5,0.50,0.49,0.894427191,0.638916519,alta,baixa,alta,alta,alta,1
5,0.50,0.5,0.894427191,0.638916519,alta,baixa,alta,alta,alta,1
5,0.99,0.01,0.04841482776,0.04727933559,baixa,baixa,baixa,baixa,baixa,0.02277465422
5,0.99,0.03,0.08061607507,0.07753131837,baixa,baixa,baixa,baixa,baixa,0.02952806621
5,0.99,0.032,0.08682268008,0.08325846703,baixa,baixa,baixa,baixa,baixa,0.03314287056
5,0.99,0.035,0.1305375214,0.1226932023,baixa,baixa,baixa,baixa,incerta,0.1236612042
5,0.99,0.037,0.1782049522,0.1639920533,baixa,baixa,baixa,baixa,incerta,0.653848597
5,0.99,0.04,0.1851739874,0.1698895887,baixa,baixa,baixa,baixa,incerta,0.7501311651
5,0.99,0.042,0.1317465195,0.123762032,baixa,baixa,baixa,baixa,incerta,0.1294970832
5,0.99,0.045,0.107691802,0.1022783926,baixa,baixa,baixa,baixa,baixa,0.05623831934
5,0.99,0.047,0.1700671291,0.1570611225,baixa,baixa,baixa,baixa,incerta,0.5302542487
5,0.99,0.05,0.105355946,0.1001674062,baixa,baixa,baixa,baixa,baixa,0.05247314391
5,0.99,0.052,0.08395303951,0.08061458059,baixa,baixa,baixa,baixa,baixa,0.03134121041
5,0.99,0.055,0.08336042151,0.08006771183,baixa,baixa,baixa,baixa,baixa,0.03099803723
5,0.99,0.057,0.09266053573,0.08861558065,baixa,baixa,baixa,baixa,baixa,0.03761909831
5,0.99,0.06,0.1226099426,0.1156562802,baixa,baixa,baixa,baixa,baixa,0.09222506416
5,0.99,0.065,0.1018132164,0.09695720126,baixa,baixa,baixa,baixa,baixa,0.04745792828
5,0.99,0.07,0.1203632322,0.1136529472,baixa,baixa,baixa,baixa,baixa,0.08515672539
5,0.99,0.075,0.1613123576,0.1495507084,baixa,baixa,baixa,baixa,incerta,0.4011847206
5,0.99,0.08,0.2063488992,0.1875983593,baixa,baixa,baixa,baixa,alta,0.9327661775
5,0.99,0.1,0.2616625821,0.2324303608,baixa,baixa,baixa,baixa,alta,0.999413306
5,0.99,0.11,0.2216691771,0.2002181016,baixa,baixa,baixa,baixa,alta,0.9791320973
5,0.99,0.12,0.2217612689,0.2002934807,baixa,baixa,baixa,baixa,alta,0.9792867656
5,0.99,0.14,0.3373684169,0.2907038151,baixa,baixa,baixa,baixa,alta,0.9999998477
5,0.99,0.16,0.271939635,0.240543007,baixa,baixa,baixa,baixa,alta,0.9997870396
5,0.99,0.17,0.2440148218,0.2183439089,baixa,baixa,baixa,baixa,alta,0.9969344919
5,0.99,0.18,0.3332550176,0.2876233339,baixa,baixa,baixa,baixa,alta,0.9999997506
5,0.99,0.2,0.2209098291,0.1995963424,baixa,baixa,baixa,baixa,alta,0.9778156242
5,0.99,0.22,0.3083122138,0.2687379201,baixa,baixa,baixa,baixa,alta,0.9999955339
5,0.99,0.25,0.1545140095,0.1436794844,baixa,baixa,baixa,baixa,incerta,0.3138557936
5,0.99,0.3,0.3083122138,0.2687379201,baixa,baixa,baixa,baixa,alta,0.9999955339
5,0.99,0.35,0.4652342203,0.382015107,baixa,baixa,alta,baixa,alta,1
5,0.99,0.38,0.3575022973,0.3056464652,baixa,baixa,baixa,baixa,alta,0.9999999873
5,0.99,0.385,0.4490028994,0.3708756643,baixa,baixa,alta,baixa,alta,1
5,0.99,0.395,0.5686685919,0.4502272289,alta,baixa,alta,alta,alta,1
5,0.99,0.4,0.3764890042,0.3195360573,baixa,baixa,baixa,baixa,alta,0.9999999989
5,0.99,0.41,0.4078492204,0.3420631642,baixa,baixa,baixa,baixa,alta,1
5,0.99,0.415,0.6741998625,0.5153353571,alta,baixa,alta,alta,alta,1
5,0.99,0.42,0.4699421098,0.3852230189,baixa,baixa,alta,baixa,alta,1
5,0.99,0.43,0.7028976622,0.5323313072,alta,baixa,alta,alta,alta,1
5,0.99,0.435,0.3900640733,0.329349842,baixa,baixa,baixa,baixa,alta,0.9999999998
5,0.99,0.44,0.7126096407,0.5380183129,alta,baixa,alta,alta,alta,1
5,0.99,0.45,0.7126096407,0.5380183129,alta,baixa,alta,alta,alta,1
5,0.99,0.455,0.6972166888,0.5289896674,alta,baixa,alta,alta,alta,1
5,0.99,0.46,1.04163396,0.7137504482,alta,baixa,alta,alta,alta,1
5,0.99,0.47,0.9583148475,0.6720843317,alta,baixa,alta,alta,alta,1
5,0.99,0.48,1.376314286,0.8655506679,alta,alta,alta,alta,alta,1
5,0.99,0.49,0,0,baixa,baixa,baixa,baixa,baixa,0.04959952211
5,0.99,0.5,1.369306394,0.8625972515,alta,alta,alta,alta,alta,1
