W,H,rP,ciclo,media_presas_ultimos_pontos,media_predadores_ultimos_pontos,fase_do_ciclo,fase_da_configuracao
W5,0.01,0.01,1,244721.8,0.0,dominancia_presas,dominancia_presas
W5,0.01,0.01,2,245229.9,0.0,dominancia_presas,dominancia_presas
W5,0.01,0.01,3,244937.4,0.0,dominancia_presas,dominancia_presas
W5,0.01,0.01,4,245056.8,0.0,dominancia_presas,dominancia_presas
W5,0.01,0.01,5,244656.0,0.0,dominancia_presas,dominancia_presas
W5,0.01,0.03,1,237921.1,3573.3,coexistencia,coexistencia
W5,0.01,0.03,2,236690.4,4347.6,coexistencia,coexistencia
W5,0.01,0.03,3,239039.3,3059.7,coexistencia,coexistencia
W5,0.01,0.03,4,236036.7,4669.5,coexistencia,coexistencia
W5,0.01,0.03,5,239646.2,2657.9,coexistencia,coexistencia
W5,0.01,0.05,1,116468.8,56253.5,coexistencia,coexistencia
W5,0.01,0.05,2,114399.2,57746.7,coexistencia,coexistencia
W5,0.01,0.05,3,115350.6,57103.2,coexistencia,coexistencia
W5,0.01,0.05,4,115184.2,57512.4,coexistencia,coexistencia
W5,0.01,0.05,5,116095.9,56773.2,coexistencia,coexistencia
W5,0.01,0.1,1,56811.3,70605.9,coexistencia,coexistencia
W5,0.01,0.1,2,56338.7,71433.2,coexistencia,coexistencia
W5,0.01,0.1,3,56244.3,71336.8,coexistencia,coexistencia
W5,0.01,0.1,4,56153.6,71599.3,coexistencia,coexistencia
W5,0.01,0.1,5,56861.4,70346.6,coexistencia,coexistencia
W5,0.01,0.16,1,36531.1,68326.1,coexistencia,coexistencia
W5,0.01,0.16,2,36089.5,70389.4,coexistencia,coexistencia
W5,0.01,0.16,3,36362.6,69140.5,coexistencia,coexistencia
W5,0.01,0.16,4,36041.5,69794.2,coexistencia,coexistencia
W5,0.01,0.16,5,36732.2,69118.6,coexistencia,coexistencia
W5,0.01,0.2,1,30122.1,65772.7,coexistencia,coexistencia
W5,0.01,0.2,2,30418.7,66644.1,coexistencia,coexistencia
W5,0.01,0.2,3,29275.0,66097.2,coexistencia,coexistencia
W5,0.01,0.2,4,29564.1,67574.7,coexistencia,coexistencia
W5,0.01,0.2,5,29938.1,65710.1,coexistencia,coexistencia
W5,0.01,0.25,1,24728.9,61914.3,coexistencia,coexistencia
W5,0.01,0.25,2,24766.7,62686.8,coexistencia,coexistencia
W5,0.01,0.25,3,24827.8,63166.3,coexistencia,coexistencia
W5,0.01,0.25,4,23890.5,63188.2,coexistencia,coexistencia
W5,0.01,0.25,5,24564.0,62354.1,coexistencia,coexistencia
W5,0.01,0.3,1,21227.8,58447.0,coexistencia,coexistencia
W5,0.01,0.3,2,21656.9,61293.8,coexistencia,coexistencia
W5,0.01,0.3,3,20864.4,59947.5,coexistencia,coexistencia
W5,0.01,0.3,4,20700.5,60732.1,coexistencia,coexistencia
W5,0.01,0.3,5,21293.5,60196.5,coexistencia,coexistencia
W5,0.01,0.35,1,18230.2,57011.7,coexistencia,coexistencia
W5,0.01,0.35,2,18217.6,58596.5,coexistencia,coexistencia
W5,0.01,0.35,3,18461.7,59222.0,coexistencia,coexistencia
W5,0.01,0.35,4,17724.0,58826.2,coexistencia,coexistencia
W5,0.01,0.35,5,18466.0,57522.7,coexistencia,coexistencia
W5,0.01,0.4,1,16366.3,55976.6,coexistencia,coexistencia
W5,0.01,0.4,2,15718.9,56553.6,coexistencia,coexistencia
W5,0.01,0.4,3,15136.5,56781.6,coexistencia,coexistencia
W5,0.01,0.4,4,15504.3,57423.9,coexistencia,coexistencia
W5,0.01,0.4,5,15630.1,55997.3,coexistencia,coexistencia
W5,0.01,0.42,1,15078.3,56610.8,coexistencia,indeterminado
W5,0.01,0.42,2,15152.7,55962.0,coexistencia,indeterminado
W5,0.01,0.42,3,0.0,0.0,extincao_total,indeterminado
W5,0.01,0.42,4,0.0,0.0,extincao_total,indeterminado
W5,0.01,0.42,5,15182.3,56122.9,coexistencia,indeterminado
W5,0.01,0.45,1,0.0,0.0,extincao_total,indeterminado
W5,0.01,0.45,2,0.0,0.0,extincao_total,indeterminado
W5,0.01,0.45,3,0.0,0.0,extincao_total,indeterminado
W5,0.01,0.45,4,13583.6,55495.5,coexistencia,indeterminado
W5,0.01,0.45,5,0.0,0.0,extincao_total,indeterminado
W5,0.01,0.48,1,0.0,0.0,extincao_total,extincao_total
W5,0.01,0.48,2,0.0,0.0,extincao_total,extincao_total
W5,0.01,0.48,3,0.0,0.0,extincao_total,extincao_total
W5,0.01,0.48,4,0.0,0.0,extincao_total,extincao_total
W5,0.01,0.48,5,0.0,0.0,extincao_total,extincao_total
W5,0.01,0.49,1,0.0,0.0,extincao_total,extincao_total
W5,0.01,0.49,2,0.0,0.0,extincao_total,extincao_total
W5,0.01,0.49,3,0.0,0.0,extincao_total,extincao_total
W5,0.01,0.49,4,0.0,0.0,extincao_total,extincao_total
W5,0.01,0.49,5,0.0,0.0,extincao_total,extincao_total
W5,0.01,0.5,1,0.0,0.0,extincao_total,extincao_total
W5,0.01,0.5,2,0.0,0.0,extincao_total,extincao_total
W5,0.01,0.5,3,0.0,0.0,extincao_total,extincao_total
W5,0.01,0.5,4,0.0,0.0,extincao_total,extincao_total
W5,0.01,0.5,5,0.0,0.0,extincao_total,extincao_total
W4,0.01,0.01,1,245251.5,0.0,dominancia_presas,dominancia_presas
W4,0.01,0.01,2,245573.8,0.0,dominancia_presas,dominancia_presas
W4,0.01,0.01,3,245230.8,0.0,dominancia_presas,dominancia_presas
W4,0.01,0.01,4,245309.6,0.0,dominancia_presas,dominancia_presas
W4,0.01,0.01,5,245226.6,0.0,dominancia_presas,dominancia_presas
W4,0.01,0.03,1,237499.8,4067.5,coexistencia,coexistencia
W4,0.01,0.03,2,235194.8,5384.7,coexistencia,coexistencia
W4,0.01,0.03,3,237808.5,3800.1,coexistencia,coexistencia
W4,0.01,0.03,4,233856.6,5986.2,coexistencia,coexistencia
W4,0.01,0.03,5,237936.2,3724.9,coexistencia,coexistencia
W4,0.01,0.05,1,114589.8,57700.1,coexistencia,coexistencia
W4,0.01,0.05,2,112808.4,59023.7,coexistencia,coexistencia
W4,0.01,0.05,3,114207.7,58039.5,coexistencia,coexistencia
W4,0.01,0.05,4,113409.2,58485.8,coexistencia,coexistencia
W4,0.01,0.05,5,114952.3,57640.5,coexistencia,coexistencia
W4,0.01,0.1,1,55793.5,71655.9,coexistencia,coexistencia
W4,0.01,0.1,2,55720.2,72496.6,coexistencia,coexistencia
W4,0.01,0.1,3,56345.5,71461.3,coexistencia,coexistencia
W4,0.01,0.1,4,55725.9,71926.8,coexistencia,coexistencia
W4,0.01,0.1,5,56434.2,71182.9,coexistencia,coexistencia
W4,0.01,0.16,1,36340.5,69236.2,coexistencia,coexistencia
W4,0.01,0.16,2,35570.7,70527.8,coexistencia,coexistencia
W4,0.01,0.16,3,36714.4,69543.5,coexistencia,coexistencia
W4,0.01,0.16,4,35768.1,70036.4,coexistencia,coexistencia
W4,0.01,0.16,5,36518.8,69332.9,coexistencia,coexistencia
W4,0.01,0.2,1,29356.0,66003.3,coexistencia,coexistencia
W4,0.01,0.2,2,28767.9,67241.0,coexistencia,coexistencia
W4,0.01,0.2,3,29571.1,66192.4,coexistencia,coexistencia
W4,0.01,0.2,4,29830.8,67534.0,coexistencia,coexistencia
W4,0.01,0.2,5,30053.8,66491.5,coexistencia,coexistencia
W4,0.01,0.25,1,24965.5,62249.7,coexistencia,coexistencia
W4,0.01,0.25,2,24114.2,63826.0,coexistencia,coexistencia
W4,0.01,0.25,3,24299.8,62931.9,coexistencia,coexistencia
W4,0.01,0.25,4,24217.6,63228.9,coexistencia,coexistencia
W4,0.01,0.25,5,24647.4,62020.3,coexistencia,coexistencia
W4,0.01,0.3,1,20643.8,60549.2,coexistencia,coexistencia
W4,0.01,0.3,2,21614.9,60790.6,coexistencia,coexistencia
W4,0.01,0.3,3,20425.9,59102.1,coexistencia,coexistencia
W4,0.01,0.3,4,20484.6,60074.7,coexistencia,coexistencia
W4,0.01,0.3,5,21015.9,60024.9,coexistencia,coexistencia
W4,0.01,0.35,1,18986.0,57661.0,coexistencia,coexistencia
W4,0.01,0.35,2,17663.4,59440.0,coexistencia,coexistencia
W4,0.01,0.35,3,18347.2,58565.3,coexistencia,coexistencia
W4,0.01,0.35,4,17822.4,58789.0,coexistencia,coexistencia
W4,0.01,0.35,5,17518.0,57659.1,coexistencia,coexistencia
W4,0.01,0.4,1,0.0,0.0,extincao_total,indeterminado
W4,0.01,0.4,2,15031.9,57890.5,coexistencia,indeterminado
W4,0.01,0.4,3,15521.5,57515.7,coexistencia,indeterminado
W4,0.01,0.4,4,16156.0,58021.7,coexistencia,indeterminado
W4,0.01,0.4,5,0.0,0.0,extincao_total,indeterminado
W4,0.01,0.42,1,15624.8,55612.6,coexistencia,indeterminado
W4,0.01,0.42,2,14854.8,56428.6,coexistencia,indeterminado
W4,0.01,0.42,3,0.0,0.0,extincao_total,indeterminado
W4,0.01,0.42,4,0.0,0.0,extincao_total,indeterminado
W4,0.01,0.42,5,14904.6,55422.8,coexistencia,indeterminado
W4,0.01,0.45,1,13831.8,54456.6,coexistencia,indeterminado
W4,0.01,0.45,2,13532.4,56454.2,coexistencia,indeterminado
W4,0.01,0.45,3,0.0,0.0,extincao_total,indeterminado
W4,0.01,0.45,4,0.0,0.0,extincao_total,indeterminado
W4,0.01,0.45,5,0.0,0.0,extincao_total,indeterminado
W4,0.01,0.48,1,0.0,0.0,extincao_total,extincao_total
W4,0.01,0.48,2,0.0,0.0,extincao_total,extincao_total
W4,0.01,0.48,3,0.0,0.0,extincao_total,extincao_total
W4,0.01,0.48,4,0.0,0.0,extincao_total,extincao_total
W4,0.01,0.48,5,0.0,0.0,extincao_total,extincao_total
W4,0.01,0.49,1,0.0,0.0,extincao_total,extincao_total
W4,0.01,0.49,2,0.0,0.0,extincao_total,extincao_total
W4,0.01,0.49,3,0.0,0.0,extincao_total,extincao_total
W4,0.01,0.49,4,0.0,0.0,extincao_total,extincao_total
W4,0.01,0.49,5,0.0,0.0,extincao_total,extincao_total
W4,0.01,0.5,1,0.0,0.0,extincao_total,extincao_total
W4,0.01,0.5,2,0.0,0.0,extincao_total,extincao_total
W4,0.01,0.5,3,0.0,0.0,extincao_total,extincao_total
W4,0.01,0.5,4,0.0,0.0,extincao_total,extincao_total
W4,0.01,0.5,5,0.0,0.0,extincao_total,extincao_total
W3,0.01,0.01,1,245290.0,0.0,dominancia_presas,dominancia_presas
W3,0.01,0.01,2,245633.8,0.0,dominancia_presas,dominancia_presas
W3,0.01,0.01,3,245355.8,0.0,dominancia_presas,dominancia_presas
W3,0.01,0.01,4,245413.6,0.0,dominancia_presas,dominancia_presas
W3,0.01,0.01,5,245378.1,0.0,dominancia_presas,dominancia_presas
W3,0.01,0.03,1,235884.8,4921.6,coexistencia,coexistencia
W3,0.01,0.03,2,234732.9,5629.5,coexistencia,coexistencia
W3,0.01,0.03,3,237422.2,4081.9,coexistencia,coexistencia
W3,0.01,0.03,4,232424.8,6766.7,coexistencia,coexistencia
W3,0.01,0.03,5,238275.8,3616.9,coexistencia,coexistencia
W3,0.01,0.05,1,113328.5,58461.4,coexistencia,coexistencia
W3,0.01,0.05,2,112734.9,59303.8,coexistencia,coexistencia
W3,0.01,0.05,3,113636.9,58194.8,coexistencia,coexistencia
W3,0.01,0.05,4,113274.3,58735.8,coexistencia,coexistencia
W3,0.01,0.05,5,114184.3,58103.5,coexistencia,coexistencia
W3,0.01,0.1,1,55867.5,71841.9,coexistencia,coexistencia
W3,0.01,0.1,2,55360.4,72545.3,coexistencia,coexistencia
W3,0.01,0.1,3,56316.1,71584.1,coexistencia,coexistencia
W3,0.01,0.1,4,55442.6,72171.3,coexistencia,coexistencia
W3,0.01,0.1,5,56211.9,71384.1,coexistencia,coexistencia
W3,0.01,0.16,1,35991.7,69480.3,coexistencia,coexistencia
W3,0.01,0.16,2,36509.0,70635.4,coexistencia,coexistencia
W3,0.01,0.16,3,35814.7,69439.7,coexistencia,coexistencia
W3,0.01,0.16,4,36187.3,70240.3,coexistencia,coexistencia
W3,0.01,0.16,5,35511.0,69408.1,coexistencia,coexistencia
W3,0.01,0.2,1,29711.0,67066.0,coexistencia,coexistencia
W3,0.01,0.2,2,29049.1,67113.5,coexistencia,coexistencia
W3,0.01,0.2,3,30129.4,66496.9,coexistencia,coexistencia
W3,0.01,0.2,4,30230.0,67607.2,coexistencia,coexistencia
W3,0.01,0.2,5,30030.7,66461.2,coexistencia,coexistencia
W3,0.01,0.25,1,24956.9,62807.6,coexistencia,coexistencia
W3,0.01,0.25,2,24040.9,63625.4,coexistencia,coexistencia
W3,0.01,0.25,3,24890.2,63152.9,coexistencia,coexistencia
W3,0.01,0.25,4,24072.3,63096.7,coexistencia,coexistencia
W3,0.01,0.25,5,24345.3,62625.2,coexistencia,coexistencia
W3,0.01,0.3,1,20936.4,59892.7,coexistencia,coexistencia
W3,0.01,0.3,2,20794.8,61095.3,coexistencia,coexistencia
W3,0.01,0.3,3,20901.4,59898.2,coexistencia,coexistencia
W3,0.01,0.3,4,20781.6,60929.6,coexistencia,coexistencia
W3,0.01,0.3,5,21314.3,60013.6,coexistencia,coexistencia
W3,0.01,0.35,1,18383.6,58219.4,coexistencia,coexistencia
W3,0.01,0.35,2,17500.5,58910.6,coexistencia,coexistencia
W3,0.01,0.35,3,17262.5,58452.9,coexistencia,coexistencia
W3,0.01,0.35,4,17905.6,58911.3,coexistencia,coexistencia
W3,0.01,0.35,5,18265.0,58145.4,coexistencia,coexistencia
W3,0.01,0.4,1,16203.7,56638.4,coexistencia,coexistencia
W3,0.01,0.4,2,14764.7,56818.3,coexistencia,coexistencia
W3,0.01,0.4,3,14744.9,56029.0,coexistencia,coexistencia
W3,0.01,0.4,4,15521.1,56478.6,coexistencia,coexistencia
W3,0.01,0.4,5,15972.2,57069.4,coexistencia,coexistencia
W3,0.01,0.42,1,0.0,0.0,extincao_total,indeterminado
W3,0.01,0.42,2,15650.1,56525.1,coexistencia,indeterminado
W3,0.01,0.42,3,0.0,0.0,extincao_total,indeterminado
W3,0.01,0.42,4,0.0,0.0,extincao_total,indeterminado
W3,0.01,0.42,5,0.0,0.0,extincao_total,indeterminado
W3,0.01,0.45,1,14333.8,55957.7,coexistencia,indeterminado
W3,0.01,0.45,2,0.0,0.0,extincao_total,indeterminado
W3,0.01,0.45,3,0.0,0.0,extincao_total,indeterminado
W3,0.01,0.45,4,0.0,0.0,extincao_total,indeterminado
W3,0.01,0.45,5,0.0,0.0,extincao_total,indeterminado
W3,0.01,0.48,1,0.0,0.0,extincao_total,indeterminado
W3,0.01,0.48,2,0.0,0.0,extincao_total,indeterminado
W3,0.01,0.48,3,0.0,0.0,extincao_total,indeterminado
W3,0.01,0.48,4,12468.9,55184.4,coexistencia,indeterminado
W3,0.01,0.48,5,0.0,0.0,extincao_total,indeterminado
W3,0.01,0.49,1,0.0,0.0,extincao_total,extincao_total
W3,0.01,0.49,2,0.0,0.0,extincao_total,extincao_total
W3,0.01,0.49,3,0.0,0.0,extincao_total,extincao_total
W3,0.01,0.49,4,0.0,0.0,extincao_total,extincao_total
W3,0.01,0.49,5,0.0,0.0,extincao_total,extincao_total
W3,0.01,0.5,1,0.0,0.0,extincao_total,extincao_total
W3,0.01,0.5,2,0.0,0.0,extincao_total,extincao_total
W3,0.01,0.5,3,0.0,0.0,extincao_total,extincao_total
W3,0.01,0.5,4,0.0,0.0,extincao_total,extincao_total
W3,0.01,0.5,5,0.0,0.0,extincao_total,extincao_total
W2,0.01,0.01,1,245404.9,0.0,dominancia_presas,dominancia_presas
W2,0.01,0.01,2,245651.2,0.0,dominancia_presas,dominancia_presas
W2,0.01,0.01,3,245361.9,0.0,dominancia_presas,dominancia_presas
W2,0.01,0.01,4,245472.2,0.0,dominancia_presas,dominancia_presas
W2,0.01,0.01,5,245322.8,0.0,dominancia_presas,dominancia_presas
W2,0.01,0.03,1,236752.9,4501.8,coexistencia,coexistencia
W2,0.01,0.03,2,234444.0,5797.1,coexistencia,coexistencia
W2,0.01,0.03,3,236175.1,4734.3,coexistencia,coexistencia
W2,0.01,0.03,4,232971.1,6497.8,coexistencia,coexistencia
W2,0.01,0.03,5,236734.8,4418.1,coexistencia,coexistencia
W2,0.01,0.05,1,113818.1,58397.9,coexistencia,coexistencia
W2,0.01,0.05,2,112270.7,59331.1,coexistencia,coexistencia
W2,0.01,0.05,3,113589.0,58274.5,coexistencia,coexistencia
W2,0.01,0.05,4,113145.8,58862.6,coexistencia,coexistencia
W2,0.01,0.05,5,114229.4,57981.2,coexistencia,coexistencia
W2,0.01,0.1,1,55608.4,71794.2,coexistencia,coexistencia
W2,0.01,0.1,2,55763.7,72413.2,coexistencia,coexistencia
W2,0.01,0.1,3,55963.2,71775.0,coexistencia,coexistencia
W2,0.01,0.1,4,55783.8,72173.9,coexistencia,coexistencia
W2,0.01,0.1,5,55927.3,71577.8,coexistencia,coexistencia
W2,0.01,0.16,1,36605.9,69532.9,coexistencia,coexistencia
W2,0.01,0.16,2,35653.4,70234.9,coexistencia,coexistencia
W2,0.01,0.16,3,36514.9,69554.3,coexistencia,coexistencia
W2,0.01,0.16,4,35374.0,70121.0,coexistencia,coexistencia
W2,0.01,0.16,5,36333.3,69478.0,coexistencia,coexistencia
W2,0.01,0.2,1,30073.3,66636.5,coexistencia,coexistencia
W2,0.01,0.2,2,29622.6,67554.2,coexistencia,coexistencia
W2,0.01,0.2,3,30014.6,67166.1,coexistencia,coexistencia
W2,0.01,0.2,4,29492.8,67276.0,coexistencia,coexistencia
W2,0.01,0.2,5,29599.5,66664.3,coexistencia,coexistencia
W2,0.01,0.25,1,24445.3,62997.4,coexistencia,coexistencia
W2,0.01,0.25,2,24571.3,63453.3,coexistencia,coexistencia
W2,0.01,0.25,3,23959.7,62856.7,coexistencia,coexistencia
W2,0.01,0.25,4,24320.9,62343.1,coexistencia,coexistencia
W2,0.01,0.25,5,24336.1,62458.7,coexistencia,coexistencia
W2,0.01,0.3,1,20824.0,59965.5,coexistencia,coexistencia
W2,0.01,0.3,2,20492.6,61012.4,coexistencia,coexistencia
W2,0.01,0.3,3,20671.3,60266.7,coexistencia,coexistencia
W2,0.01,0.3,4,20892.7,60791.9,coexistencia,coexistencia
W2,0.01,0.3,5,21863.7,59893.8,coexistencia,coexistencia
W2,0.01,0.35,1,18491.6,58485.6,coexistencia,coexistencia
W2,0.01,0.35,2,17292.9,58778.4,coexistencia,coexistencia
W2,0.01,0.35,3,17455.8,57956.0,coexistencia,coexistencia
W2,0.01,0.35,4,18347.7,58436.3,coexistencia,coexistencia
W2,0.01,0.35,5,18359.4,57987.0,coexistencia,coexistencia
W2,0.01,0.4,1,15605.3,56768.8,coexistencia,indeterminado
W2,0.01,0.4,2,0.0,0.0,extincao_total,indeterminado
W2,0.01,0.4,3,16443.8,56498.2,coexistencia,indeterminado
W2,0.01,0.4,4,15566.9,58027.5,coexistencia,indeterminado
W2,0.01,0.4,5,15348.8,56478.5,coexistencia,indeterminado
W2,0.01,0.42,1,0.0,0.0,extincao_total,extincao_total
W2,0.01,0.42,2,0.0,0.0,extincao_total,extincao_total
W2,0.01,0.42,3,0.0,0.0,extincao_total,extincao_total
W2,0.01,0.42,4,0.0,0.0,extincao_total,extincao_total
W2,0.01,0.42,5,0.0,0.0,extincao_total,extincao_total
W2,0.01,0.45,1,0.0,0.0,extincao_total,indeterminado
W2,0.01,0.45,2,13557.9,55749.2,coexistencia,indeterminado
W2,0.01,0.45,3,14212.7,55754.9,coexistencia,indeterminado
W2,0.01,0.45,4,0.0,0.0,extincao_total,indeterminado
W2,0.01,0.45,5,0.0,0.0,extincao_total,indeterminado
W2,0.01,0.48,1,0.0,0.0,extincao_total,indeterminado
W2,0.01,0.48,2,0.0,0.0,extincao_total,indeterminado
W2,0.01,0.48,3,0.0,0.0,extincao_total,indeterminado
W2,0.01,0.48,4,12249.0,55085.2,coexistencia,indeterminado
W2,0.01,0.48,5,12818.5,54317.1,coexistencia,indeterminado
W2,0.01,0.49,1,0.0,0.0,extincao_total,indeterminado
W2,0.01,0.49,2,0.0,0.0,extincao_total,indeterminado
W2,0.01,0.49,3,0.0,0.0,extincao_total,indeterminado
W2,0.01,0.49,4,0.0,0.0,extincao_total,indeterminado
W2,0.01,0.49,5,12811.5,55173.3,coexistencia,indeterminado
W2,0.01,0.5,1,12668.9,53708.3,coexistencia,indeterminado
W2,0.01,0.5,2,0.0,0.0,extincao_total,indeterminado
W2,0.01,0.5,3,0.0,0.0,extincao_total,indeterminado
W2,0.01,0.5,4,0.0,0.0,extincao_total,indeterminado
W2,0.01,0.5,5,0.0,0.0,extincao_total,indeterminado
W5,0.5,0.01,1,244676.9,0.0,dominancia_presas,dominancia_presas
W5,0.5,0.01,2,244835.2,0.0,dominancia_presas,dominancia_presas
W5,0.5,0.01,3,244392.3,0.0,dominancia_presas,dominancia_presas
W5,0.5,0.01,4,245175.6,0.0,dominancia_presas,dominancia_presas
W5,0.5,0.01,5,244004.2,0.0,dominancia_presas,dominancia_presas
W5,0.5,0.03,1,223060.3,11193.4,coexistencia,coexistencia
W5,0.5,0.03,2,222367.4,11882.1,coexistencia,coexistencia
W5,0.5,0.03,3,227693.0,8474.8,coexistencia,coexistencia
W5,0.5,0.03,4,218810.9,13975.3,coexistencia,coexistencia
W5,0.5,0.03,5,220489.3,12356.6,coexistencia,coexistencia
W5,0.5,0.05,1,118190.0,56209.2,coexistencia,coexistencia
W5,0.5,0.05,2,119541.4,55175.4,coexistencia,coexistencia
W5,0.5,0.05,3,120556.7,54284.9,coexistencia,coexistencia
W5,0.5,0.05,4,119609.2,55113.5,coexistencia,coexistencia
W5,0.5,0.05,5,120294.6,54943.0,coexistencia,coexistencia
W5,0.5,0.1,1,59476.2,68938.2,coexistencia,coexistencia
W5,0.5,0.1,2,61149.4,67639.2,coexistencia,coexistencia
W5,0.5,0.1,3,59648.4,68494.9,coexistencia,coexistencia
W5,0.5,0.1,4,61947.1,66568.5,coexistencia,coexistencia
W5,0.5,0.1,5,60284.8,68434.8,coexistencia,coexistencia
W5,0.5,0.16,1,39542.0,66635.7,coexistencia,coexistencia
W5,0.5,0.16,2,40017.3,64781.5,coexistencia,coexistencia
W5,0.5,0.16,3,39388.0,65569.2,coexistencia,coexistencia
W5,0.5,0.16,4,39168.0,66581.4,coexistencia,coexistencia
W5,0.5,0.16,5,39511.1,66776.6,coexistencia,coexistencia
W5,0.5,0.2,1,32194.9,63546.4,coexistencia,coexistencia
W5,0.5,0.2,2,31735.1,63778.5,coexistencia,coexistencia
W5,0.5,0.2,3,31927.3,63591.3,coexistencia,coexistencia
W5,0.5,0.2,4,33132.0,62222.2,coexistencia,coexistencia
W5,0.5,0.2,5,31751.9,64424.0,coexistencia,coexistencia
W5,0.5,0.25,1,25650.5,60320.3,coexistencia,coexistencia
W5,0.5,0.25,2,26830.9,59503.7,coexistencia,coexistencia
W5,0.5,0.25,3,26837.4,59781.3,coexistencia,coexistencia
W5,0.5,0.25,4,27585.3,58444.3,coexistencia,coexistencia
W5,0.5,0.25,5,26868.0,60596.4,coexistencia,coexistencia
W5,0.5,0.3,1,22705.2,56797.3,coexistencia,coexistencia
W5,0.5,0.3,2,22674.8,56410.5,coexistencia,coexistencia
W5,0.5,0.3,3,22362.3,57413.8,coexistencia,coexistencia
W5,0.5,0.3,4,22244.3,55989.8,coexistencia,coexistencia
W5,0.5,0.3,5,22584.7,58057.3,coexistencia,coexistencia
W5,0.5,0.35,1,19247.5,56728.1,coexistencia,coexistencia
W5,0.5,0.35,2,20213.4,54704.2,coexistencia,coexistencia
W5,0.5,0.35,3,19274.2,55741.2,coexistencia,coexistencia
W5,0.5,0.35,4,20693.5,54853.9,coexistencia,coexistencia
W5,0.5,0.35,5,19426.8,56176.7,coexistencia,coexistencia
W5,0.5,0.4,1,17399.5,54003.1,coexistencia,coexistencia
W5,0.5,0.4,2,17151.5,51645.4,coexistencia,coexistencia
W5,0.5,0.4,3,16984.6,53781.4,coexistencia,coexistencia
W5,0.5,0.4,4,16735.6,53526.7,coexistencia,coexistencia
W5,0.5,0.4,5,16801.9,54856.6,coexistencia,coexistencia
W5,0.5,0.42,1,0.0,0.0,extincao_total,indeterminado
W5,0.5,0.42,2,0.0,0.0,extincao_total,indeterminado
W5,0.5,0.42,3,0.0,0.0,extincao_total,indeterminado
W5,0.5,0.42,4,16856.7,52204.2,coexistencia,indeterminado
W5,0.5,0.42,5,15341.7,54224.7,coexistencia,indeterminado
W5,0.5,0.45,1,14669.1,52711.1,coexistencia,indeterminado
W5,0.5,0.45,2,14795.5,51569.2,coexistencia,indeterminado
W5,0.5,0.45,3,14691.4,52465.2,coexistencia,indeterminado
W5,0.5,0.45,4,0.0,0.0,extincao_total,indeterminado
W5,0.5,0.45,5,13777.6,52658.3,coexistencia,indeterminado
W5,0.5,0.48,1,13348.0,53208.3,coexistencia,indeterminado
W5,0.5,0.48,2,13871.1,51127.4,coexistencia,indeterminado
W5,0.5,0.48,3,0.0,0.0,extincao_total,indeterminado
W5,0.5,0.48,4,13412.0,51294.1,coexistencia,indeterminado
W5,0.5,0.48,5,0.0,0.0,extincao_total,indeterminado
W5,0.5,0.49,1,0.0,0.0,extincao_total,indeterminado
W5,0.5,0.49,2,13218.3,49901.7,coexistencia,indeterminado
W5,0.5,0.49,3,0.0,0.0,extincao_total,indeterminado
W5,0.5,0.49,4,0.0,0.0,extincao_total,indeterminado
W5,0.5,0.49,5,0.0,0.0,extincao_total,indeterminado
W5,0.5,0.5,1,0.0,0.0,extincao_total,indeterminado
W5,0.5,0.5,2,0.0,0.0,extincao_total,indeterminado
W5,0.5,0.5,3,12773.7,52010.0,coexistencia,indeterminado
W5,0.5,0.5,4,12713.4,50942.8,coexistencia,indeterminado
W5,0.5,0.5,5,0.0,0.0,extincao_total,indeterminado
W4,0.5,0.01,1,245953.2,0.0,dominancia_presas,dominancia_presas
W4,0.5,0.01,2,245957.7,0.0,dominancia_presas,dominancia_presas
W4,0.5,0.01,3,245512.4,0.0,dominancia_presas,dominancia_presas
W4,0.5,0.01,4,246517.0,0.0,dominancia_presas,dominancia_presas
W4,0.5,0.01,5,245684.1,0.0,dominancia_presas,dominancia_presas
W4,0.5,0.03,1,217985.6,14717.7,coexistencia,coexistencia
W4,0.5,0.03,2,219004.5,14250.0,coexistencia,coexistencia
W4,0.5,0.03,3,222908.2,11964.4,coexistencia,coexistencia
W4,0.5,0.03,4,214786.9,16814.4,coexistencia,coexistencia
W4,0.5,0.03,5,216628.1,15472.5,coexistencia,coexistencia
W4,0.5,0.05,1,113284.6,59773.7,coexistencia,coexistencia
W4,0.5,0.05,2,112768.9,60218.4,coexistencia,coexistencia
W4,0.5,0.05,3,113957.7,58831.3,coexistencia,coexistencia
W4,0.5,0.05,4,110965.4,61441.5,coexistencia,coexistencia
W4,0.5,0.05,5,112372.0,60292.0,coexistencia,coexistencia
W4,0.5,0.1,1,56389.8,72432.2,coexistencia,coexistencia
W4,0.5,0.1,2,55970.5,72556.7,coexistencia,coexistencia
W4,0.5,0.1,3,57022.0,71379.9,coexistencia,coexistencia
W4,0.5,0.1,4,55427.7,73317.7,coexistencia,coexistencia
W4,0.5,0.1,5,57059.2,71647.8,coexistencia,coexistencia
W4,0.5,0.16,1,36744.8,68911.7,coexistencia,coexistencia
W4,0.5,0.16,2,36684.0,69749.4,coexistencia,coexistencia
W4,0.5,0.16,3,37247.3,68083.0,coexistencia,coexistencia
W4,0.5,0.16,4,36751.3,69558.5,coexistencia,coexistencia
W4,0.5,0.16,5,37632.1,68952.4,coexistencia,coexistencia
W4,0.5,0.2,1,31743.7,65468.5,coexistencia,coexistencia
W4,0.5,0.2,2,30218.3,66628.1,coexistencia,coexistencia
W4,0.5,0.2,3,31200.5,65143.5,coexistencia,coexistencia
W4,0.5,0.2,4,30161.4,66809.7,coexistencia,coexistencia
W4,0.5,0.2,5,31133.9,66062.6,coexistencia,coexistencia
W4,0.5,0.25,1,25038.3,62053.9,coexistencia,coexistencia
W4,0.5,0.25,2,25826.7,61964.2,coexistencia,coexistencia
W4,0.5,0.25,3,26128.3,61243.7,coexistencia,coexistencia
W4,0.5,0.25,4,25921.3,61377.1,coexistencia,coexistencia
W4,0.5,0.25,5,25403.0,60936.3,coexistencia,coexistencia
W4,0.5,0.3,1,23043.0,58975.9,coexistencia,coexistencia
W4,0.5,0.3,2,22091.4,60046.5,coexistencia,coexistencia
W4,0.5,0.3,3,21634.7,59442.4,coexistencia,coexistencia
W4,0.5,0.3,4,22394.6,57379.5,coexistencia,coexistencia
W4,0.5,0.3,5,22416.2,57572.2,coexistencia,coexistencia
W4,0.5,0.35,1,17912.1,57312.7,coexistencia,coexistencia
W4,0.5,0.35,2,18847.4,54921.4,coexistencia,coexistencia
W4,0.5,0.35,3,19807.9,55997.3,coexistencia,coexistencia
W4,0.5,0.35,4,19820.0,54661.5,coexistencia,coexistencia
W4,0.5,0.35,5,18837.9,57276.6,coexistencia,coexistencia
W4,0.5,0.4,1,16952.2,54780.3,coexistencia,coexistencia
W4,0.5,0.4,2,17351.1,53359.4,coexistencia,coexistencia
W4,0.5,0.4,3,16626.9,54294.8,coexistencia,coexistencia
W4,0.5,0.4,4,17248.0,53431.7,coexistencia,coexistencia
W4,0.5,0.4,5,15498.1,53303.5,coexistencia,coexistencia
W4,0.5,0.42,1,0.0,0.0,extincao_total,indeterminado
W4,0.5,0.42,2,15639.5,53359.1,coexistencia,indeterminado
W4,0.5,0.42,3,0.0,0.0,extincao_total,indeterminado
W4,0.5,0.42,4,0.0,0.0,extincao_total,indeterminado
W4,0.5,0.42,5,0.0,0.0,extincao_total,indeterminado
W4,0.5,0.45,1,13985.0,53434.0,coexistencia,indeterminado
W4,0.5,0.45,2,0.0,0.0,extincao_total,indeterminado
W4,0.5,0.45,3,14391.4,53982.9,coexistencia,indeterminado
W4,0.5,0.45,4,0.0,0.0,extincao_total,indeterminado
W4,0.5,0.45,5,0.0,0.0,extincao_total,indeterminado
W4,0.5,0.48,1,0.0,0.0,extincao_total,indeterminado
W4,0.5,0.48,2,0.0,0.0,extincao_total,indeterminado
W4,0.5,0.48,3,12619.5,51854.7,coexistencia,indeterminado
W4,0.5,0.48,4,0.0,0.0,extincao_total,indeterminado
W4,0.5,0.48,5,0.0,0.0,extincao_total,indeterminado
W4,0.5,0.49,1,0.0,0.0,extincao_total,indeterminado
W4,0.5,0.49,2,0.0,0.0,extincao_total,indeterminado
W4,0.5,0.49,3,12764.6,51087.8,coexistencia,indeterminado
W4,0.5,0.49,4,0.0,0.0,extincao_total,indeterminado
W4,0.5,0.49,5,0.0,0.0,extincao_total,indeterminado
W4,0.5,0.5,1,0.0,0.0,extincao_total,extincao_total
W4,0.5,0.5,2,0.0,0.0,extincao_total,extincao_total
W4,0.5,0.5,3,0.0,0.0,extincao_total,extincao_total
W4,0.5,0.5,4,0.0,0.0,extincao_total,extincao_total
W4,0.5,0.5,5,0.0,0.0,extincao_total,extincao_total
W3,0.5,0.01,1,246404.2,0.0,dominancia_presas,dominancia_presas
W3,0.5,0.01,2,246177.9,0.0,dominancia_presas,dominancia_presas
W3,0.5,0.01,3,245988.0,0.0,dominancia_presas,dominancia_presas
W3,0.5,0.01,4,246828.4,0.0,dominancia_presas,dominancia_presas
W3,0.5,0.01,5,246610.4,0.0,dominancia_presas,dominancia_presas
W3,0.5,0.03,1,216213.0,15971.9,coexistencia,coexistencia
W3,0.5,0.03,2,218068.5,14946.8,coexistencia,coexistencia
W3,0.5,0.03,3,221991.8,12684.1,coexistencia,coexistencia
W3,0.5,0.03,4,213409.0,17736.9,coexistencia,coexistencia
W3,0.5,0.03,5,216725.7,15874.9,coexistencia,coexistencia
W3,0.5,0.05,1,110677.2,61614.4,coexistencia,coexistencia
W3,0.5,0.05,2,111183.2,61194.3,coexistencia,coexistencia
W3,0.5,0.05,3,111933.2,60164.8,coexistencia,coexistencia
W3,0.5,0.05,4,108603.3,63133.3,coexistencia,coexistencia
W3,0.5,0.05,5,109362.8,62358.9,coexistencia,coexistencia
W3,0.5,0.1,1,54985.6,73906.7,coexistencia,coexistencia
W3,0.5,0.1,2,55223.1,73715.4,coexistencia,coexistencia
W3,0.5,0.1,3,55543.6,72653.5,coexistencia,coexistencia
W3,0.5,0.1,4,53982.1,75001.4,coexistencia,coexistencia
W3,0.5,0.1,5,54316.4,74247.2,coexistencia,coexistencia
W3,0.5,0.16,1,35632.0,70984.7,coexistencia,coexistencia
W3,0.5,0.16,2,35983.7,70367.8,coexistencia,coexistencia
W3,0.5,0.16,3,36955.3,69530.7,coexistencia,coexistencia
W3,0.5,0.16,4,35393.2,71738.5,coexistencia,coexistencia
W3,0.5,0.16,5,35417.4,70823.9,coexistencia,coexistencia
W3,0.5,0.2,1,29733.2,67054.1,coexistencia,coexistencia
W3,0.5,0.2,2,30303.9,67420.9,coexistencia,coexistencia
W3,0.5,0.2,3,29772.4,66854.5,coexistencia,coexistencia
W3,0.5,0.2,4,29799.6,68521.9,coexistencia,coexistencia
W3,0.5,0.2,5,29235.7,66881.8,coexistencia,coexistencia
W3,0.5,0.25,1,25270.8,62920.2,coexistencia,coexistencia
W3,0.5,0.25,2,24840.8,63637.6,coexistencia,coexistencia
W3,0.5,0.25,3,23842.4,62193.6,coexistencia,coexistencia
W3,0.5,0.25,4,24254.7,63735.4,coexistencia,coexistencia
W3,0.5,0.25,5,24683.5,64114.8,coexistencia,coexistencia
W3,0.5,0.3,1,21287.4,60219.7,coexistencia,coexistencia
W3,0.5,0.3,2,21719.6,60942.3,coexistencia,coexistencia
W3,0.5,0.3,3,21457.5,59872.8,coexistencia,coexistencia
W3,0.5,0.3,4,21012.0,61048.9,coexistencia,coexistencia
W3,0.5,0.3,5,21747.1,60830.8,coexistencia,coexistencia
W3,0.5,0.35,1,17996.1,58437.7,coexistencia,coexistencia
W3,0.5,0.35,2,18448.8,58839.3,coexistencia,coexistencia
W3,0.5,0.35,3,19499.8,56533.6,coexistencia,coexistencia
W3,0.5,0.35,4,18166.4,58725.8,coexistencia,coexistencia
W3,0.5,0.35,5,19239.1,58638.4,coexistencia,coexistencia
W3,0.5,0.4,1,15778.0,57907.9,coexistencia,indeterminado
W3,0.5,0.4,2,0.0,0.0,extincao_total,indeterminado
W3,0.5,0.4,3,16218.7,56688.7,coexistencia,indeterminado
W3,0.5,0.4,4,16142.4,57461.4,coexistencia,indeterminado
W3,0.5,0.4,5,16791.3,56019.3,coexistencia,indeterminado
W3,0.5,0.42,1,15173.0,56507.8,coexistencia,indeterminado
W3,0.5,0.42,2,14753.0,55740.4,coexistencia,indeterminado
W3,0.5,0.42,3,15721.9,54515.0,coexistencia,indeterminado
W3,0.5,0.42,4,0.0,0.0,extincao_total,indeterminado
W3,0.5,0.42,5,0.0,0.0,extincao_total,indeterminado
W3,0.5,0.45,1,0.0,0.0,extincao_total,extincao_total
W3,0.5,0.45,2,0.0,0.0,extincao_total,extincao_total
W3,0.5,0.45,3,0.0,0.0,extincao_total,extincao_total
W3,0.5,0.45,4,0.0,0.0,extincao_total,extincao_total
W3,0.5,0.45,5,0.0,0.0,extincao_total,extincao_total
W3,0.5,0.48,1,0.0,0.0,extincao_total,indeterminado
W3,0.5,0.48,2,12623.1,56106.7,coexistencia,indeterminado
W3,0.5,0.48,3,0.0,0.0,extincao_total,indeterminado
W3,0.5,0.48,4,0.0,0.0,extincao_total,indeterminado
W3,0.5,0.48,5,0.0,0.0,extincao_total,indeterminado
W3,0.5,0.49,1,0.0,0.0,extincao_total,indeterminado
W3,0.5,0.49,2,12424.5,54120.3,coexistencia,indeterminado
W3,0.5,0.49,3,0.0,0.0,extincao_total,indeterminado
W3,0.5,0.49,4,0.0,0.0,extincao_total,indeterminado
W3,0.5,0.49,5,13110.4,52249.9,coexistencia,indeterminado
W3,0.5,0.5,1,0.0,0.0,extincao_total,extincao_total
W3,0.5,0.5,2,0.0,0.0,extincao_total,extincao_total
W3,0.5,0.5,3,0.0,0.0,extincao_total,extincao_total
W3,0.5,0.5,4,0.0,0.0,extincao_total,extincao_total
W3,0.5,0.5,5,0.0,0.0,extincao_total,extincao_total
W2,0.5,0.01,1,246368.5,0.0,dominancia_presas,dominancia_presas
W2,0.5,0.01,2,246151.5,0.0,dominancia_presas,dominancia_presas
W2,0.5,0.01,3,246053.7,0.0,dominancia_presas,dominancia_presas
W2,0.5,0.01,4,246886.9,0.0,dominancia_presas,dominancia_presas
W2,0.5,0.01,5,246625.3,0.0,dominancia_presas,dominancia_presas
W2,0.5,0.03,1,216470.1,15819.9,coexistencia,coexistencia
W2,0.5,0.03,2,217732.6,15142.8,coexistencia,coexistencia
W2,0.5,0.03,3,221607.6,12813.7,coexistencia,coexistencia
W2,0.5,0.03,4,214919.6,16944.1,coexistencia,coexistencia
W2,0.5,0.03,5,216566.1,15972.3,coexistencia,coexistencia
W2,0.5,0.05,1,110534.1,61661.2,coexistencia,coexistencia
W2,0.5,0.05,2,111468.8,61133.4,coexistencia,coexistencia
W2,0.5,0.05,3,111726.1,60386.0,coexistencia,coexistencia
W2,0.5,0.05,4,108505.6,63086.5,coexistencia,coexistencia
W2,0.5,0.05,5,109733.5,62342.4,coexistencia,coexistencia
W2,0.5,0.1,1,55147.9,73941.6,coexistencia,coexistencia
W2,0.5,0.1,2,55269.7,73545.5,coexistencia,coexistencia
W2,0.5,0.1,3,54962.7,73031.5,coexistencia,coexistencia
W2,0.5,0.1,4,53854.0,75088.0,coexistencia,coexistencia
W2,0.5,0.1,5,54266.5,74486.7,coexistencia,coexistencia
W2,0.5,0.16,1,35631.0,71359.7,coexistencia,coexistencia
W2,0.5,0.16,2,35793.1,71088.0,coexistencia,coexistencia
W2,0.5,0.16,3,36075.9,69892.0,coexistencia,coexistencia
W2,0.5,0.16,4,34927.0,72474.4,coexistencia,coexistencia
W2,0.5,0.16,5,35375.0,71329.3,coexistencia,coexistencia
W2,0.5,0.2,1,29949.9,67632.8,coexistencia,coexistencia
W2,0.5,0.2,2,29592.9,67957.3,coexistencia,coexistencia
W2,0.5,0.2,3,29775.9,66489.1,coexistencia,coexistencia
W2,0.5,0.2,4,28967.7,68080.1,coexistencia,coexistencia
W2,0.5,0.2,5,29658.7,67256.1,coexistencia,coexistencia
W2,0.5,0.25,1,24439.8,64060.0,coexistencia,coexistencia
W2,0.5,0.25,2,24600.3,64087.7,coexistencia,coexistencia
W2,0.5,0.25,3,25176.8,62535.0,coexistencia,coexistencia
W2,0.5,0.25,4,24510.3,64656.6,coexistencia,coexistencia
W2,0.5,0.25,5,24344.3,63797.5,coexistencia,coexistencia
W2,0.5,0.3,1,20765.5,61081.4,coexistencia,coexistencia
W2,0.5,0.3,2,21365.5,61340.3,coexistencia,coexistencia
W2,0.5,0.3,3,21364.2,58694.9,coexistencia,coexistencia
W2,0.5,0.3,4,20980.1,61019.5,coexistencia,coexistencia
W2,0.5,0.3,5,20820.9,60919.5,coexistencia,coexistencia
W2,0.5,0.35,1,17133.7,58024.9,coexistencia,coexistencia
W2,0.5,0.35,2,17984.4,59161.1,coexistencia,coexistencia
W2,0.5,0.35,3,18580.5,58247.7,coexistencia,coexistencia
W2,0.5,0.35,4,17697.0,59484.2,coexistencia,coexistencia
W2,0.5,0.35,5,17634.2,59348.4,coexistencia,coexistencia
W2,0.5,0.4,1,15747.6,57380.9,coexistencia,coexistencia
W2,0.5,0.4,2,15655.7,56749.0,coexistencia,coexistencia
W2,0.5,0.4,3,17192.6,56485.4,coexistencia,coexistencia
W2,0.5,0.4,4,15733.2,57150.2,coexistencia,coexistencia
W2,0.5,0.4,5,15455.5,57538.8,coexistencia,coexistencia
W2,0.5,0.42,1,15750.1,56400.2,coexistencia,indeterminado
W2,0.5,0.42,2,0.0,0.0,extincao_total,indeterminado
W2,0.5,0.42,3,15282.2,57000.3,coexistencia,indeterminado
W2,0.5,0.42,4,15850.5,58318.8,coexistencia,indeterminado
W2,0.5,0.42,5,0.0,0.0,extincao_total,indeterminado
W2,0.5,0.45,1,0.0,0.0,extincao_total,indeterminado
W2,0.5,0.45,2,0.0,0.0,extincao_total,indeterminado
W2,0.5,0.45,3,13769.3,53779.4,coexistencia,indeterminado
W2,0.5,0.45,4,0.0,0.0,extincao_total,indeterminado
W2,0.5,0.45,5,0.0,0.0,extincao_total,indeterminado
W2,0.5,0.48,1,0.0,0.0,extincao_total,extincao_total
W2,0.5,0.48,2,0.0,0.0,extincao_total,extincao_total
W2,0.5,0.48,3,0.0,0.0,extincao_total,extincao_total
W2,0.5,0.48,4,0.0,0.0,extincao_total,extincao_total
W2,0.5,0.48,5,0.0,0.0,extincao_total,extincao_total
W2,0.5,0.49,1,0.0,0.0,extincao_total,extincao_total
W2,0.5,0.49,2,0.0,0.0,extincao_total,extincao_total
W2,0.5,0.49,3,0.0,0.0,extincao_total,extincao_total
W2,0.5,0.49,4,0.0,0.0,extincao_total,extincao_total
W2,0.5,0.49,5,0.0,0.0,extincao_total,extincao_total
W2,0.5,0.5,1,0.0,0.0,extincao_total,extincao_total
W2,0.5,0.5,2,0.0,0.0,extincao_total,extincao_total
W2,0.5,0.5,3,0.0,0.0,extincao_total,extincao_total
W2,0.5,0.5,4,0.0,0.0,extincao_total,extincao_total
W2,0.5,0.5,5,0.0,0.0,extincao_total,extincao_total
W5,0.99,0.01,1,236214.9,0.0,dominancia_presas,dominancia_presas
W5,0.99,0.01,2,240101.7,0.0,dominancia_presas,dominancia_presas
W5,0.99,0.01,3,239187.3,0.0,dominancia_presas,dominancia_presas
W5,0.99,0.01,4,241410.4,0.0,dominancia_presas,dominancia_presas
W5,0.99,0.01,5,237960.0,0.0,dominancia_presas,dominancia_presas
W5,0.99,0.03,1,233008.6,2061.1,coexistencia,coexistencia
W5,0.99,0.03,2,202234.3,20081.0,coexistencia,coexistencia
W5,0.99,0.03,3,213959.4,12692.5,coexistencia,coexistencia
W5,0.99,0.03,4,215525.4,14614.9,coexistencia,coexistencia
W5,0.99,0.03,5,224244.4,7494.9,coexistencia,coexistencia
W5,0.99,0.05,1,141677.6,38021.9,coexistencia,coexistencia
W5,0.99,0.05,2,124533.6,51560.4,coexistencia,coexistencia
W5,0.99,0.05,3,125630.9,49469.8,coexistencia,coexistencia
W5,0.99,0.05,4,117314.5,55723.7,coexistencia,coexistencia
W5,0.99,0.05,5,129201.9,46977.0,coexistencia,coexistencia
W5,0.99,0.1,1,73068.8,53675.9,coexistencia,coexistencia
W5,0.99,0.1,2,64468.5,65980.0,coexistencia,coexistencia
W5,0.99,0.1,3,66045.7,62672.1,coexistencia,coexistencia
W5,0.99,0.1,4,63550.8,63965.6,coexistencia,coexistencia
W5,0.99,0.1,5,66444.0,61905.3,coexistencia,coexistencia
W5,0.99,0.16,1,48715.8,53533.4,coexistencia,coexistencia
W5,0.99,0.16,2,43851.1,62404.0,coexistencia,coexistencia
W5,0.99,0.16,3,43954.1,60122.7,coexistencia,coexistencia
W5,0.99,0.16,4,42083.7,61589.2,coexistencia,coexistencia
W5,0.99,0.16,5,45008.6,58849.0,coexistencia,coexistencia
W5,0.99,0.2,1,41423.2,49544.6,coexistencia,coexistencia
W5,0.99,0.2,2,35503.4,59555.5,coexistencia,coexistencia
W5,0.99,0.2,3,35608.1,57749.7,coexistencia,coexistencia
W5,0.99,0.2,4,33253.8,59206.3,coexistencia,coexistencia
W5,0.99,0.2,5,38638.1,55354.0,coexistencia,coexistencia
W5,0.99,0.25,1,34998.1,46582.8,coexistencia,coexistencia
W5,0.99,0.25,2,29856.7,57103.2,coexistencia,coexistencia
W5,0.99,0.25,3,30681.3,53121.0,coexistencia,coexistencia
W5,0.99,0.25,4,28767.1,54706.9,coexistencia,coexistencia
W5,0.99,0.25,5,31918.3,52370.5,coexistencia,coexistencia
W5,0.99,0.3,1,28797.8,45115.4,coexistencia,coexistencia
W5,0.99,0.3,2,25676.3,55564.4,coexistencia,coexistencia
W5,0.99,0.3,3,25096.2,51329.6,coexistencia,coexistencia
W5,0.99,0.3,4,24506.3,52879.2,coexistencia,coexistencia
W5,0.99,0.3,5,27212.9,50248.9,coexistencia,coexistencia
W5,0.99,0.35,1,25138.2,41878.6,coexistencia,coexistencia
W5,0.99,0.35,2,21822.1,52433.0,coexistencia,coexistencia
W5,0.99,0.35,3,22075.6,50223.5,coexistencia,coexistencia
W5,0.99,0.35,4,20934.9,51378.8,coexistencia,coexistencia
W5,0.99,0.35,5,21702.0,47933.1,coexistencia,coexistencia
W5,0.99,0.4,1,20554.1,40829.5,coexistencia,coexistencia
W5,0.99,0.4,2,19007.9,51366.1,coexistencia,coexistencia
W5,0.99,0.4,3,18481.1,48263.9,coexistencia,coexistencia
W5,0.99,0.4,4,18047.4,49747.4,coexistencia,coexistencia
W5,0.99,0.4,5,18952.9,46502.7,coexistencia,coexistencia
W5,0.99,0.42,1,19456.0,40825.0,coexistencia,coexistencia
W5,0.99,0.42,2,16806.0,50866.2,coexistencia,coexistencia
W5,0.99,0.42,3,18573.3,48101.6,coexistencia,coexistencia
W5,0.99,0.42,4,16971.4,49315.4,coexistencia,coexistencia
W5,0.99,0.42,5,17859.1,46180.5,coexistencia,coexistencia
W5,0.99,0.45,1,18137.5,40106.2,coexistencia,indeterminado
W5,0.99,0.45,2,15970.1,50473.7,coexistencia,indeterminado
W5,0.99,0.45,3,15918.6,47934.7,coexistencia,indeterminado
W5,0.99,0.45,4,0.0,0.0,extincao_total,indeterminado
W5,0.99,0.45,5,15974.5,45821.2,coexistencia,indeterminado
W5,0.99,0.48,1,15766.6,39158.9,coexistencia,indeterminado
W5,0.99,0.48,2,14134.8,49549.3,coexistencia,indeterminado
W5,0.99,0.48,3,0.0,0.0,extincao_total,indeterminado
W5,0.99,0.48,4,0.0,0.0,extincao_total,indeterminado
W5,0.99,0.48,5,0.0,0.0,extincao_total,indeterminado
W5,0.99,0.49,1,0.0,0.0,extincao_total,extincao_total
W5,0.99,0.49,2,0.0,0.0,extincao_total,extincao_total
W5,0.99,0.49,3,0.0,0.0,extincao_total,extincao_total
W5,0.99,0.49,4,0.0,0.0,extincao_total,extincao_total
W5,0.99,0.49,5,0.0,0.0,extincao_total,extincao_total
W5,0.99,0.5,1,0.0,0.0,extincao_total,indeterminado
W5,0.99,0.5,2,13171.8,49156.4,coexistencia,indeterminado
W5,0.99,0.5,3,13234.1,46930.3,coexistencia,indeterminado
W5,0.99,0.5,4,0.0,0.0,extincao_total,indeterminado
W5,0.99,0.5,5,0.0,0.0,extincao_total,indeterminado
W4,0.99,0.01,1,243227.8,0.0,dominancia_presas,dominancia_presas
W4,0.99,0.01,2,245727.5,0.0,dominancia_presas,dominancia_presas
W4,0.99,0.01,3,245686.5,0.0,dominancia_presas,dominancia_presas
W4,0.99,0.01,4,246722.3,0.0,dominancia_presas,dominancia_presas
W4,0.99,0.01,5,244873.0,0.0,dominancia_presas,dominancia_presas
W4,0.99,0.03,1,230362.1,6948.9,coexistencia,coexistencia
W4,0.99,0.03,2,203231.1,23167.1,coexistencia,coexistencia
W4,0.99,0.03,3,213433.9,17389.4,coexistencia,coexistencia
W4,0.99,0.03,4,212106.2,18537.1,coexistencia,coexistencia
W4,0.99,0.03,5,223716.0,11121.5,coexistencia,coexistencia
W4,0.99,0.05,1,124034.1,51916.7,coexistencia,coexistencia
W4,0.99,0.05,2,117141.4,59520.3,coexistencia,coexistencia
W4,0.99,0.05,3,115309.5,59187.3,coexistencia,coexistencia
W4,0.99,0.05,4,110050.3,62257.7,coexistencia,coexistencia
W4,0.99,0.05,5,118431.0,56015.7,coexistencia,coexistencia
W4,0.99,0.1,1,61937.1,65856.9,coexistencia,coexistencia
W4,0.99,0.1,2,58558.4,71811.2,coexistencia,coexistencia
W4,0.99,0.1,3,57483.6,71556.9,coexistencia,coexistencia
W4,0.99,0.1,4,55304.6,73658.4,coexistencia,coexistencia
W4,0.99,0.1,5,59443.1,68435.9,coexistencia,coexistencia
W4,0.99,0.16,1,43705.3,60320.3,coexistencia,coexistencia
W4,0.99,0.16,2,39250.3,68052.2,coexistencia,coexistencia
W4,0.99,0.16,3,38944.8,66283.6,coexistencia,coexistencia
W4,0.99,0.16,4,37997.0,68134.9,coexistencia,coexistencia
W4,0.99,0.16,5,40756.3,64044.2,coexistencia,coexistencia
W4,0.99,0.2,1,34958.1,58870.5,coexistencia,coexistencia
W4,0.99,0.2,2,32712.5,65932.6,coexistencia,coexistencia
W4,0.99,0.2,3,32358.8,64290.1,coexistencia,coexistencia
W4,0.99,0.2,4,31484.8,63980.6,coexistencia,coexistencia
W4,0.99,0.2,5,33634.3,61090.2,coexistencia,coexistencia
W4,0.99,0.25,1,30684.4,51983.0,coexistencia,coexistencia
W4,0.99,0.25,2,27331.9,61139.8,coexistencia,coexistencia
W4,0.99,0.25,3,27417.0,59079.3,coexistencia,coexistencia
W4,0.99,0.25,4,26553.6,61261.0,coexistencia,coexistencia
W4,0.99,0.25,5,29009.7,56064.5,coexistencia,coexistencia
W4,0.99,0.3,1,26289.7,48424.0,coexistencia,coexistencia
W4,0.99,0.3,2,23399.3,57634.0,coexistencia,coexistencia
W4,0.99,0.3,3,23858.8,55391.6,coexistencia,coexistencia
W4,0.99,0.3,4,23049.8,53993.8,coexistencia,coexistencia
W4,0.99,0.3,5,25092.7,52968.8,coexistencia,coexistencia
W4,0.99,0.35,1,24191.3,44065.8,coexistencia,coexistencia
W4,0.99,0.35,2,21502.6,53070.5,coexistencia,coexistencia
W4,0.99,0.35,3,20785.9,53313.5,coexistencia,coexistencia
W4,0.99,0.35,4,20558.4,51211.5,coexistencia,coexistencia
W4,0.99,0.35,5,21361.1,50680.2,coexistencia,coexistencia
W4,0.99,0.4,1,20049.1,42603.0,coexistencia,indeterminado
W4,0.99,0.4,2,0.0,0.0,extincao_total,indeterminado
W4,0.99,0.4,3,18457.5,48898.1,coexistencia,indeterminado
W4,0.99,0.4,4,17627.5,49579.3,coexistencia,indeterminado
W4,0.99,0.4,5,19757.5,47055.7,coexistencia,indeterminado
W4,0.99,0.42,1,18595.3,42197.9,coexistencia,indeterminado
W4,0.99,0.42,2,0.0,0.0,extincao_total,indeterminado
W4,0.99,0.42,3,17854.3,48971.3,coexistencia,indeterminado
W4,0.99,0.42,4,17323.4,48624.7,coexistencia,indeterminado
W4,0.99,0.42,5,18540.5,45252.3,coexistencia,indeterminado
W4,0.99,0.45,1,17693.3,39864.9,coexistencia,indeterminado
W4,0.99,0.45,2,15794.7,49832.7,coexistencia,indeterminado
W4,0.99,0.45,3,16318.6,48212.0,coexistencia,indeterminado
W4,0.99,0.45,4,15284.3,49545.1,coexistencia,indeterminado
W4,0.99,0.45,5,0.0,0.0,extincao_total,indeterminado
W4,0.99,0.48,1,16303.2,38446.1,coexistencia,indeterminado
W4,0.99,0.48,2,14290.3,50036.7,coexistencia,indeterminado
W4,0.99,0.48,3,0.0,0.0,extincao_total,indeterminado
W4,0.99,0.48,4,0.0,0.0,extincao_total,indeterminado
W4,0.99,0.48,5,14832.6,45488.0,coexistencia,indeterminado
W4,0.99,0.49,1,15770.0,38962.6,coexistencia,indeterminado
W4,0.99,0.49,2,0.0,0.0,extincao_total,indeterminado
W4,0.99,0.49,3,0.0,0.0,extincao_total,indeterminado
W4,0.99,0.49,4,13683.3,47092.6,coexistencia,indeterminado
W4,0.99,0.49,5,14085.6,44390.1,coexistencia,indeterminado
W4,0.99,0.5,1,0.0,0.0,extincao_total,indeterminado
W4,0.99,0.5,2,0.0,0.0,extincao_total,indeterminado
W4,0.99,0.5,3,14045.4,44975.9,coexistencia,indeterminado
W4,0.99,0.5,4,0.0,0.0,extincao_total,indeterminado
W4,0.99,0.5,5,0.0,0.0,extincao_total,indeterminado
W3,0.99,0.01,1,244162.6,0.0,dominancia_presas,dominancia_presas
W3,0.99,0.01,2,246662.6,0.0,dominancia_presas,dominancia_presas
W3,0.99,0.01,3,246745.5,0.0,dominancia_presas,dominancia_presas
W3,0.99,0.01,4,247227.4,0.0,dominancia_presas,dominancia_presas
W3,0.99,0.01,5,246170.8,0.0,dominancia_presas,dominancia_presas
W3,0.99,0.03,1,226740.3,9115.8,coexistencia,coexistencia
W3,0.99,0.03,2,203689.8,23569.0,coexistencia,coexistencia
W3,0.99,0.03,3,211967.8,18652.4,coexistencia,coexistencia
W3,0.99,0.03,4,209684.7,20001.5,coexistencia,coexistencia
W3,0.99,0.03,5,220307.5,13727.3,coexistencia,coexistencia
W3,0.99,0.05,1,120548.7,54555.6,coexistencia,coexistencia
W3,0.99,0.05,2,110414.3,63461.5,coexistencia,coexistencia
W3,0.99,0.05,3,109658.2,62822.8,coexistencia,coexistencia
W3,0.99,0.05,4,107368.2,64315.1,coexistencia,coexistencia
W3,0.99,0.05,5,111597.6,60590.1,coexistencia,coexistencia
W3,0.99,0.1,1,59368.0,68475.5,coexistencia,coexistencia
W3,0.99,0.1,2,54391.4,75964.2,coexistencia,coexistencia
W3,0.99,0.1,3,55258.2,74305.1,coexistencia,coexistencia
W3,0.99,0.1,4,53633.4,75644.1,coexistencia,coexistencia
W3,0.99,0.1,5,56200.6,72518.8,coexistencia,coexistencia
W3,0.99,0.16,1,39202.6,65823.4,coexistencia,coexistencia
W3,0.99,0.16,2,36189.3,72311.6,coexistencia,coexistencia
W3,0.99,0.16,3,36212.6,70632.6,coexistencia,coexistencia
W3,0.99,0.16,4,35325.2,71918.6,coexistencia,coexistencia
W3,0.99,0.16,5,36872.9,69276.3,coexistencia,coexistencia
W3,0.99,0.2,1,32254.0,61936.2,coexistencia,coexistencia
W3,0.99,0.2,2,31078.8,68084.9,coexistencia,coexistencia
W3,0.99,0.2,3,31020.7,66786.5,coexistencia,coexistencia
W3,0.99,0.2,4,28562.7,68551.3,coexistencia,coexistencia
W3,0.99,0.2,5,30373.4,65057.1,coexistencia,coexistencia
W3,0.99,0.25,1,26844.3,58426.1,coexistencia,coexistencia
W3,0.99,0.25,2,25221.8,65664.8,coexistencia,coexistencia
W3,0.99,0.25,3,25378.9,62902.8,coexistencia,coexistencia
W3,0.99,0.25,4,25903.4,63606.0,coexistencia,coexistencia
W3,0.99,0.25,5,26048.9,61088.1,coexistencia,coexistencia
W3,0.99,0.3,1,23405.0,54518.8,coexistencia,coexistencia
W3,0.99,0.3,2,21604.9,61883.9,coexistencia,coexistencia
W3,0.99,0.3,3,22201.5,60183.1,coexistencia,coexistencia
W3,0.99,0.3,4,20992.7,60953.1,coexistencia,coexistencia
W3,0.99,0.3,5,22176.3,57530.1,coexistencia,coexistencia
W3,0.99,0.35,1,20992.1,51849.6,coexistencia,coexistencia
W3,0.99,0.35,2,18390.2,58915.5,coexistencia,coexistencia
W3,0.99,0.35,3,19099.5,58143.2,coexistencia,coexistencia
W3,0.99,0.35,4,17703.5,58615.8,coexistencia,coexistencia
W3,0.99,0.35,5,19349.8,54382.5,coexistencia,coexistencia
W3,0.99,0.4,1,18582.0,50486.6,coexistencia,coexistencia
W3,0.99,0.4,2,16517.8,57894.1,coexistencia,coexistencia
W3,0.99,0.4,3,17373.0,56193.0,coexistencia,coexistencia
W3,0.99,0.4,4,15719.5,57419.7,coexistencia,coexistencia
W3,0.99,0.4,5,17322.5,52194.0,coexistencia,coexistencia
W3,0.99,0.42,1,16824.3,51526.2,coexistencia,coexistencia
W3,0.99,0.42,2,16231.2,54790.2,coexistencia,coexistencia
W3,0.99,0.42,3,15781.7,54188.6,coexistencia,coexistencia
W3,0.99,0.42,4,15372.4,55226.1,coexistencia,coexistencia
W3,0.99,0.42,5,16732.3,50726.7,coexistencia,coexistencia
W3,0.99,0.45,1,16023.4,49514.0,coexistencia,indeterminado
W3,0.99,0.45,2,0.0,0.0,extincao_total,indeterminado
W3,0.99,0.45,3,14382.5,53183.4,coexistencia,indeterminado
W3,0.99,0.45,4,0.0,0.0,extincao_total,indeterminado
W3,0.99,0.45,5,0.0,0.0,extincao_total,indeterminado
W3,0.99,0.48,1,0.0,0.0,extincao_total,indeterminado
W3,0.99,0.48,2,0.0,0.0,extincao_total,indeterminado
W3,0.99,0.48,3,0.0,0.0,extincao_total,indeterminado
W3,0.99,0.48,4,0.0,0.0,extincao_total,indeterminado
W3,0.99,0.48,5,13384.0,49709.3,coexistencia,indeterminado
W3,0.99,0.49,1,13518.8,47719.3,coexistencia,indeterminado
W3,0.99,0.49,2,0.0,0.0,extincao_total,indeterminado
W3,0.99,0.49,3,13285.0,52667.7,coexistencia,indeterminado
W3,0.99,0.49,4,0.0,0.0,extincao_total,indeterminado
W3,0.99,0.49,5,0.0,0.0,extincao_total,indeterminado
W3,0.99,0.5,1,0.0,0.0,extincao_total,indeterminado
W3,0.99,0.5,2,0.0,0.0,extincao_total,indeterminado
W3,0.99,0.5,3,0.0,0.0,extincao_total,indeterminado
W3,0.99,0.5,4,12752.8,47579.1,coexistencia,indeterminado
W3,0.99,0.5,5,13192.0,50928.3,coexistencia,indeterminado
W2,0.99,0.01,1,244159.3,0.0,dominancia_presas,dominancia_presas
W2,0.99,0.01,2,246700.1,0.0,dominancia_presas,dominancia_presas
W2,0.99,0.01,3,246645.1,0.0,dominancia_presas,dominancia_presas
W2,0.99,0.01,4,247230.1,0.0,dominancia_presas,dominancia_presas
W2,0.99,0.01,5,246051.2,0.0,dominancia_presas,dominancia_presas
W2,0.99,0.03,1,228425.0,8328.3,coexistencia,coexistencia
W2,0.99,0.03,2,203782.6,23520.6,coexistencia,coexistencia
W2,0.99,0.03,3,212039.8,18594.2,coexistencia,coexistencia
W2,0.99,0.03,4,210171.5,19807.5,coexistencia,coexistencia
W2,0.99,0.03,5,219049.1,14282.4,coexistencia,coexistencia
W2,0.99,0.05,1,120167.8,54823.2,coexistencia,coexistencia
W2,0.99,0.05,2,110323.0,63614.8,coexistencia,coexistencia
W2,0.99,0.05,3,109950.6,62656.4,coexistencia,coexistencia
W2,0.99,0.05,4,106921.4,64553.8,coexistencia,coexistencia
W2,0.99,0.05,5,111784.2,60644.7,coexistencia,coexistencia
W2,0.99,0.1,1,58977.3,68715.1,coexistencia,coexistencia
W2,0.99,0.1,2,54449.2,75752.6,coexistencia,coexistencia
W2,0.99,0.1,3,54591.3,74813.8,coexistencia,coexistencia
W2,0.99,0.1,4,53395.8,76001.2,coexistencia,coexistencia
W2,0.99,0.1,5,55150.4,72839.0,coexistencia,coexistencia
W2,0.99,0.16,1,38277.2,66163.7,coexistencia,coexistencia
W2,0.99,0.16,2,36525.3,72809.1,coexistencia,coexistencia
W2,0.99,0.16,3,35649.6,71740.6,coexistencia,coexistencia
W2,0.99,0.16,4,34530.0,72605.5,coexistencia,coexistencia
W2,0.99,0.16,5,35742.1,69789.0,coexistencia,coexistencia
W2,0.99,0.2,1,32557.3,62734.8,coexistencia,coexistencia
W2,0.99,0.2,2,29826.7,69345.4,coexistencia,coexistencia
W2,0.99,0.2,3,30021.6,68380.8,coexistencia,coexistencia
W2,0.99,0.2,4,29790.0,69443.7,coexistencia,coexistencia
W2,0.99,0.2,5,29767.0,65520.4,coexistencia,coexistencia
W2,0.99,0.25,1,27195.0,59666.1,coexistencia,coexistencia
W2,0.99,0.25,2,25049.7,65953.0,coexistencia,coexistencia
W2,0.99,0.25,3,24642.9,62896.8,coexistencia,coexistencia
W2,0.99,0.25,4,24156.9,65515.8,coexistencia,coexistencia
W2,0.99,0.25,5,25026.7,61082.1,coexistencia,coexistencia
W2,0.99,0.3,1,23890.7,55103.4,coexistencia,coexistencia
W2,0.99,0.3,2,22905.9,61972.4,coexistencia,coexistencia
W2,0.99,0.3,3,21796.7,60602.0,coexistencia,coexistencia
W2,0.99,0.3,4,20990.7,61500.2,coexistencia,coexistencia
W2,0.99,0.3,5,21821.3,59286.2,coexistencia,coexistencia
W2,0.99,0.35,1,20417.3,52981.5,coexistencia,coexistencia
W2,0.99,0.35,2,18419.4,59841.8,coexistencia,coexistencia
W2,0.99,0.35,3,17999.6,58009.2,coexistencia,coexistencia
W2,0.99,0.35,4,18251.4,59742.3,coexistencia,coexistencia
W2,0.99,0.35,5,19383.5,56875.1,coexistencia,coexistencia
W2,0.99,0.4,1,17348.1,51455.7,coexistencia,coexistencia
W2,0.99,0.4,2,16173.6,57654.2,coexistencia,coexistencia
W2,0.99,0.4,3,16109.9,58138.5,coexistencia,coexistencia
W2,0.99,0.4,4,16402.1,58180.0,coexistencia,coexistencia
W2,0.99,0.4,5,16604.3,55411.8,coexistencia,coexistencia
W2,0.99,0.42,1,16294.3,50913.9,coexistencia,coexistencia
W2,0.99,0.42,2,15435.3,57652.3,coexistencia,coexistencia
W2,0.99,0.42,3,15300.8,55809.7,coexistencia,coexistencia
W2,0.99,0.42,4,15363.9,56526.9,coexistencia,coexistencia
W2,0.99,0.42,5,16065.0,53738.8,coexistencia,coexistencia
W2,0.99,0.45,1,14113.3,47802.5,coexistencia,coexistencia
W2,0.99,0.45,2,14557.8,56442.1,coexistencia,coexistencia
W2,0.99,0.45,3,13504.1,54962.3,coexistencia,coexistencia
W2,0.99,0.45,4,14565.8,55610.3,coexistencia,coexistencia
W2,0.99,0.45,5,13745.3,53156.1,coexistencia,coexistencia
W2,0.99,0.48,1,13618.5,48646.8,coexistencia,indeterminado
W2,0.99,0.48,2,0.0,0.0,extincao_total,indeterminado
W2,0.99,0.48,3,0.0,0.0,extincao_total,indeterminado
W2,0.99,0.48,4,0.0,0.0,extincao_total,indeterminado
W2,0.99,0.48,5,12021.3,50323.4,coexistencia,indeterminado
W2,0.99,0.49,1,13210.7,47436.1,coexistencia,indeterminado
W2,0.99,0.49,2,12250.9,56846.2,coexistencia,indeterminado
W2,0.99,0.49,3,0.0,0.0,extincao_total,indeterminado
W2,0.99,0.49,4,12359.0,54520.7,coexistencia,indeterminado
W2,0.99,0.49,5,13154.6,51041.8,coexistencia,indeterminado
W2,0.99,0.5,1,13709.5,48370.8,coexistencia,indeterminado
W2,0.99,0.5,2,0.0,0.0,extincao_total,indeterminado
W2,0.99,0.5,3,0.0,0.0,extincao_total,indeterminado
W2,0.99,0.5,4,0.0,0.0,extincao_total,indeterminado
W2,0.99,0.5,5,0.0,0.0,extincao_total,indeterminado
